"","TOTAL","X","Y","t.rand"
"1",112,397082.011440495,7189484.53301843,"1"
"2",1,396344.775614925,7198709.77265997,"1"
"3",511,395847.224190045,7203548.22435905,"1"
"4",2,396774.362342254,7206414.55884454,"1"
"5",100,387972.538516423,7193358.38836573,"1"
"6",353,382115.930727248,7195639.39317155,"1"
"7",330,381715.603524294,7196508.12183402,"1"
"8",271,377832.560750443,7229256.6646812,"1"
"9",27,374416.4920594,7233917.65621163,"1"
"10",31,373706.283715838,7234858.95429256,"1"
"11",80,382632.557688465,7227891.58310357,"1"
"12",762,385684.74802337,7228194.74849952,"1"
"13",94,358337.730043066,7190309.48722755,"1"
"14",57,369086.713895943,7201295.07381635,"1"
"15",136,365750.648018616,7204151.52381656,"1"
"16",6,340173.51816237,7232103.87305633,"1"
"17",4,341748.548872629,7231950.54952889,"1"
"18",107,339097.77918829,7230097.42233744,"1"
"19",115,345938.425069974,7229517.8143265,"1"
"20",200,344671.671984466,7224562.49113984,"1"
"21",200,353778.313957212,7198292.45041003,"1"
"22",289,353190.135647902,7193490.30177486,"1"
"23",116,349472.051683309,7194819.60490843,"1"
"24",8,350247.307920002,7201943.9930893,"1"
"25",384,343830.02752968,7199352.36581974,"1"
"26",375,327474.844030546,7204016.80404571,"1"
"27",6,340270.825642645,7193712.92788976,"1"
"28",72,347897.242917722,7180337.30575128,"1"
"29",1,337805.913097041,7177072.31248711,"1"
"30",62,332178.476101681,7181856.05030252,"1"
"31",197,335277.641991172,7191337.60712211,"1"
"32",191,321136.036678164,7211804.23433569,"1"
"33",118,351434.306775809,7186972.38916713,"1"
"34",331,321837.136803808,7224670.38609813,"1"
"35",269,319144.243311834,7223295.97408854,"1"
"36",52,372823.951955285,7247823.20690471,"1"
"37",417,383361.979699164,7251279.94994196,"1"
"38",2,396600.561783425,7269369.49349367,"1"
"39",590,377695.144587122,7282882.50194746,"1"
"40",435,375574.190376856,7276346.05578146,"1"
"41",274,372696.756851577,7275971.43589098,"1"
"42",184,392714.642668829,7293580.354811,"1"
"43",506,344477.146372129,7288940.12344129,"1"
"44",1,394131.38342107,7301689.27358042,"1"
"45",229,393469.943141601,7312936.8845671,"1"
"46",610,383678.296273672,7310987.71048379,"1"
"47",325,365686.881720093,7300765.09983087,"1"
"48",164,358536.790717818,7298168.40817913,"1"
"49",337,341873.742113289,7312460.61801642,"1"
"50",150,357439.12976704,7329312.66994857,"1"
"51",199,360439.781376672,7335510.70070868,"1"
"52",200,363124.256488136,7337766.32003405,"1"
"53",4,385410.70483079,7336158.63473072,"1"
"54",588,346770.653319815,7354582.67687957,"1"
"55",239,316078.200456366,7348472.15073401,"1"
"56",357,331776.752087973,7372164.12503236,"1"
"57",104,346614.687637785,7365401.77680259,"1"
"58",328,368349.273613269,7354862.20674531,"1"
"59",36,375014.285535632,7349426.16309951,"1"
"60",348,346911.817636903,7398255.47740858,"1"
"61",462,326606.735164587,7375410.83000681,"1"
"62",287,318191.541657373,7395690.34671397,"1"
"63",120,319910.167395082,7395992.63389089,"1"
"64",29,332358.48136272,7407184.49351462,"1"
"65",227,312894.256770572,7405400.28568306,"1"
"66",111,305351.009572563,7398429.02236973,"1"
"67",188,304028.226009887,7400400.65021798,"1"
"68",192,320419.452884053,7428630.49816016,"1"
"69",223,328737.295470677,7432902.63961867,"1"
"70",575,345556.222015888,7430093.51141892,"1"
"71",207,316941.488730681,7448414.84253488,"1"
"72",109,319205.861786136,7438838.75419658,"1"
"73",267,316693.613983678,7431833.00246263,"1"
"74",237,296295.081934036,7442177.05895936,"1"
"75",441,302456.972927656,7452139.16531426,"1"
"76",117,311820.488538687,7465950.15144927,"1"
"77",227,321867.561336242,7476443.59031359,"1"
"78",3,313409.999659759,7478222.60575088,"1"
"79",43,311844.377346691,7471921.17032737,"1"
"80",371,333131.195465058,7463340.05265847,"1"
"81",109,340228.029728009,7467096.88858136,"1"
"82",383,335399.083550038,7470955.7658096,"1"
"83",164,300129.076940114,7475194.56827395,"1"
"84",327,296132.732857869,7482441.85517454,"1"
"85",63,322971.359335408,7497739.34847185,"1"
"86",193,298432.80788159,7490366.84752114,"1"
"87",139,309892.387332406,7507183.39225661,"1"
"88",124,298915.985099969,7507330.8077505,"1"
"89",72,309057.894119851,7510980.20032746,"1"
"90",2,314088.427961452,7512145.25605874,"1"
"91",51,294932.690424815,7509014.77095186,"1"
"92",99,303789.255975348,7523862.62393567,"1"
"93",101,308436.056354852,7520698.81895508,"1"
"94",70,312067.290786956,7525551.10045952,"1"
"95",85,321878.406476327,7520150.91684073,"1"
"96",326,397271.11973358,7189864.03863241,"2"
"97",696,392308.343583184,7198441.63042258,"2"
"98",711,396828.802533325,7208350.38739308,"2"
"99",546,394394.006050821,7214592.80866234,"2"
"100",1001,388731.977022951,7224302.03961588,"2"
"101",26,384344.27395786,7194080.78710014,"2"
"102",479,370101.927310729,7213784.20783074,"2"
"103",151,358986.037773222,7210746.90033624,"2"
"104",151,357747.745891361,7212346.23164559,"2"
"105",229,340726.163746734,7221116.23640435,"2"
"106",63,337770.063827047,7236597.05867698,"2"
"107",179,333598.844593288,7235220.20434728,"2"
"108",17,324817.612205268,7235105.26772747,"2"
"109",307,319260.715920612,7223303.89190251,"2"
"110",409,327653.540994113,7221461.55335813,"2"
"111",145,327021.751319809,7207578.91764724,"2"
"112",308,325383.426441925,7209958.6091008,"2"
"113",146,345835.1193376,7207573.31472518,"2"
"114",125,344720.144705328,7203773.63217585,"2"
"115",559,327565.896407318,7198775.47820876,"2"
"116",188,339919.746472719,7188450.48485359,"2"
"117",592,339552.571175027,7215258.68955031,"2"
"118",425,350381.195106039,7208305.62407545,"2"
"119",148,372430.770380241,7193977.19867545,"2"
"120",125,362938.183106227,7190045.11491072,"2"
"121",154,357734.298366528,7190038.64122934,"2"
"122",63,351558.600615063,7183409.2786336,"2"
"123",188,337189.272639602,7176679.53903744,"2"
"124",190,331677.442598496,7184991.12247362,"2"
"125",475,375424.377119708,7245537.57635354,"2"
"126",438,381595.244180785,7257200.49602806,"2"
"127",158,360802.595809993,7262985.62554214,"2"
"128",109,377576.361504974,7273901.32526758,"2"
"129",238,375844.611829806,7268819.19466284,"2"
"130",101,373824.093513868,7268778.06944312,"2"
"131",463,391872.330142517,7265932.95081226,"2"
"132",717,394400.713415413,7284181.62699284,"2"
"133",775,372642.640623925,7293040.75354547,"2"
"134",255,363786.0639379,7334627.84880915,"2"
"135",619,379091.359867741,7334970.92295908,"2"
"136",101,377431.636608049,7300898.79994257,"2"
"137",1018,377987.002478768,7311279.27122122,"2"
"138",329,354076.011968068,7303777.77566985,"2"
"139",261,360015.036928461,7323785.263464,"2"
"140",164,376898.086180956,7352357.88782741,"2"
"141",73,361398.064993298,7349327.15078069,"2"
"142",145,363599.497797703,7366998.9998839,"2"
"143",348,360544.043864496,7371725.65258396,"2"
"144",473,360524.683848232,7362486.65690905,"2"
"145",771,352372.453269496,7377054.13846542,"2"
"146",173,358297.041658378,7386675.7589022,"2"
"147",70,313420.76717713,7374296.22479554,"2"
"148",141,359911.807045545,7345695.44594305,"2"
"149",136,337174.674719746,7348216.82089977,"2"
"150",148,340058.550693192,7350981.57923359,"2"
"151",798,328821.861145664,7350236.24010767,"2"
"152",755,347875.630240071,7356340.79249693,"2"
"153",287,346316.418087212,7368346.91676861,"2"
"154",279,349447.837095437,7372576.48597711,"2"
"155",141,325838.015428329,7365667.14769756,"2"
"156",429,314825.501159171,7385458.9738785,"2"
"157",451,323237.148710534,7386172.88950894,"2"
"158",218,347336.512671183,7401913.18376034,"2"
"159",58,349739.475775089,7432992.53961128,"2"
"160",239,328439.039306289,7432175.59907673,"2"
"161",180,336820.292642433,7436070.49184816,"2"
"162",53,328335.388521481,7427837.50844615,"2"
"163",16,329261.492217989,7425870.20119973,"2"
"164",621,335196.873878677,7423013.65067738,"2"
"165",540,342996.929203385,7391541.59344019,"2"
"166",588,341613.81480216,7396481.30084613,"2"
"167",187,338636.98339669,7401502.44252152,"2"
"168",223,347379.374976127,7409508.77173039,"2"
"169",192,346580.445041705,7409952.54210568,"2"
"170",11,347555.953136325,7420347.62455284,"2"
"171",136,348222.857934627,7421786.26833808,"2"
"172",13,338168.245765023,7433843.31648414,"2"
"173",32,315558.320745762,7427388.69106662,"2"
"174",98,315228.176399813,7428109.03254893,"2"
"175",105,313330.826847729,7430260.45221947,"2"
"176",97,310816.91457032,7428716.13434559,"2"
"177",184,301399.384833888,7409647.62361452,"2"
"178",570,311787.032277148,7401347.57645643,"2"
"179",33,327941.821744451,7400824.30323002,"2"
"180",379,330526.629119626,7403004.90861962,"2"
"181",9,353376.900324158,7431622.88341104,"2"
"182",52,354251.582172479,7434806.98022813,"2"
"183",16,350983.657205272,7434058.65914131,"2"
"184",256,348373.728304663,7437138.0791957,"2"
"185",220,334091.808997905,7451988.62003054,"2"
"186",699,339823.456619743,7464270.73920565,"2"
"187",50,320822.556622395,7471026.87466455,"2"
"188",35,320239.198579208,7472904.81263106,"2"
"189",156,319633.710155237,7474190.93632155,"2"
"190",127,304953.459003591,7479989.30137645,"2"
"191",7,313635.042979356,7479704.36320523,"2"
"192",870,300583.679405886,7454630.23234912,"2"
"193",24,293874.506539373,7456798.8428592,"2"
"194",147,311763.011897081,7433633.81634084,"2"
"195",32,314743.81637107,7435732.7448566,"2"
"196",7,292341.123867024,7452892.94276291,"2"
"197",13,292843.848956728,7453545.3069371,"2"
"198",139,320396.537080519,7445572.68570977,"2"
"199",63,315018.45515719,7458784.63278768,"2"
"200",10,309427.145360833,7465283.60140143,"2"
"201",263,308799.516860135,7465967.2962371,"2"
"202",75,316068.441653083,7466790.03675701,"2"
"203",115,316507.997502627,7464352.66854953,"2"
"204",84,321694.347883365,7462158.3293095,"2"
"205",302,323247.034073445,7461638.66291523,"2"
"206",67,323082.234880063,7515746.22277796,"2"
"207",107,323867.995944052,7517129.90318452,"2"
"208",31,323793.42006338,7518214.05238535,"2"
"209",40,323822.688707984,7520259.69748269,"2"
"210",115,322224.199044416,7522313.4639636,"2"
"211",60,315338.141067187,7522293.30468277,"2"
"212",105,309317.081869446,7525249.30126184,"2"
"213",84,319352.835884878,7517978.2343316,"2"
"214",65,317533.959954236,7518115.545588,"2"
"215",94,313140.356235338,7517676.15088128,"2"
"216",121,308454.352830085,7516128.47718228,"2"
"217",171,309503.380761843,7512938.01100904,"2"
"218",205,313271.743769165,7512683.27831573,"2"
"219",84,308295.654314447,7498218.4673265,"2"
"220",54,307142.532247659,7497780.96828453,"2"
"221",33,299372.486719765,7498703.73492964,"2"
"222",44,300792.290809825,7506637.24636496,"2"
"223",74,301384.972741804,7508016.8159322,"2"
"224",4,302059.778229916,7508409.20502766,"2"
"225",73,299862.205035455,7507807.82104189,"2"
"226",67,294428.005843782,7509124.54547643,"2"
"227",127,296662.82179722,7505256.47683881,"2"
"228",201,292028.781052117,7494315.65865497,"2"
"229",118,293432.677443097,7492842.28034407,"2"
"230",203,293673.675040543,7489748.09794084,"2"
"231",47,296273.69068216,7500595.03958028,"2"
"232",42,296352.650922802,7498889.59771583,"2"
"233",35,297035.898831205,7509374.75051334,"2"
"234",26,297201.466772004,7509827.37671625,"2"
"235",133,303574.759552918,7526455.26345529,"2"
"236",137,298617.383695338,7526775.39197059,"2"
"237",821,321330.519396467,7291838.09478501,"2"
"238",529,324928.590163066,7294822.71259993,"2"
"239",551,317767.070550946,7299387.1173451,"2"
"240",581,327968.532891398,7309245.01733291,"2"
"241",411,340662.202546273,7324567.25831499,"2"
"242",43,341318.088274035,7326733.08897774,"2"
"243",244,335789.840646353,7331094.13154669,"2"
"244",324,307761.399042761,7329936.22885852,"2"
"245",652,311990.578714981,7311455.49096955,"2"
"246",601,320121.612687386,7314132.17723469,"2"
"247",733,346622.741015238,7275248.52976824,"2"
"248",392,342515.18258786,7290144.96368262,"2"
"249",64,314575.393065509,7346565.52893874,"2"
"250",121,312493.560984268,7522178.36468956,"3"
"251",94,313140.309227558,7521499.69749921,"3"
"252",61,309537.723356256,7517990.04961616,"3"
"253",49,314469.046348863,7518050.04638576,"3"
"254",37,307335.919998048,7505505.780606,"3"
"255",110,311845.358302025,7504410.09948544,"3"
"256",40,306506.696219739,7502727.10630525,"3"
"257",177,298294.854366107,7492012.83574326,"3"
"258",51,312234.009391196,7490341.37366052,"3"
"259",29,297905.974993718,7488774.15955862,"3"
"260",85,306061.382522463,7470664.31745838,"3"
"261",419,300729.372205055,7469432.28183996,"3"
"262",409,290979.835662764,7447849.06575738,"3"
"263",63,310771.918766707,7436573.41855773,"3"
"264",286,325717.667237071,7453829.74024186,"3"
"265",132,327745.985420765,7444164.67238466,"3"
"266",197,321488.807801713,7468086.0304278,"3"
"267",394,325123.865427606,7467896.00645264,"3"
"268",571,335635.034817556,7464780.99509057,"3"
"269",485,336674.234006774,7428808.0108799,"3"
"270",378,312520.340916594,7399686.37507911,"3"
"271",170,314383.618918002,7420473.53386755,"3"
"272",193,322437.655408712,7424492.24379896,"3"
"273",135,325265.969449354,7401692.95983457,"3"
"274",330,329486.023214647,7404278.30711872,"3"
"275",428,333773.925128201,7420936.48476008,"3"
"276",619,342970.05027176,7418036.32486538,"3"
"277",238,315492.165482699,7366734.12033465,"3"
"278",179,316540.386734758,7367666.62195592,"3"
"279",790,347668.039195366,7395941.32465316,"3"
"280",483,319516.18008523,7350627.52346861,"3"
"281",580,336094.25751757,7347603.84048321,"3"
"282",76,353690.025593403,7368787.43998909,"3"
"283",89,352014.173857868,7366223.75211113,"3"
"284",30,369749.650135517,7353252.23340566,"3"
"285",304,366912.188560068,7361762.66675714,"3"
"286",293,357138.302683587,7363285.78361567,"3"
"287",39,355450.929069706,7361884.95548877,"3"
"288",342,357822.15357926,7337449.60464465,"3"
"289",518,374137.472135129,7312923.13649874,"3"
"290",67,389458.843395768,7300828.08322744,"3"
"291",936,378945.119826522,7294507.88506337,"3"
"292",204,384346.48922084,7305857.92183704,"3"
"293",243,389478.773459651,7298292.80179431,"3"
"294",169,367915.587618706,7254966.37525237,"3"
"295",418,377181.012775195,7255516.99537517,"3"
"296",334,371120.581178783,7250611.69931174,"3"
"297",479,373496.216003206,7243945.53516825,"3"
"298",668,373161.649328391,7234253.32909142,"3"
"299",873,382835.126618482,7235026.09208701,"3"
"300",277,320795.187846258,7218205.41155227,"3"
"301",293,321139.837598464,7224213.24062252,"3"
"302",195,331239.035249684,7223411.69110437,"3"
"303",117,339130.550775556,7230894.23489972,"3"
"304",346,348835.77566987,7190626.25553197,"3"
"305",181,347891.325425595,7181622.51709104,"3"
"306",51,341972.18723831,7186394.00786766,"3"
"307",689,335835.80950849,7190473.77870606,"3"
"308",73,327940.597989714,7201916.39125487,"3"
"309",184,336841.084923053,7177338.99393609,"3"
"310",444,341212.042071921,7179230.18219801,"3"
"311",221,361828.083549146,7191463.76577746,"3"
"312",146,370176.195960757,7195002.06212922,"3"
"313",50,378735.694842032,7199001.93331069,"3"
"314",508,381931.082115246,7193958.59949007,"3"
"315",66,396856.618856919,7188544.70079535,"3"
"316",39,397471.465682722,7189701.00803837,"3"
"317",553,394061.704815313,7197292.87487282,"3"
"318",316,321904.423984111,7213601.20622396,"3"
"319",481,380943.550301274,7210095.06451999,"3"
"320",146,314743.317906363,7385645.20924399,"3"
"321",47,390057.296149313,7234535.47856316,"3"
"322",16,296867.129199527,7475421.43923596,"4"
"323",7,303157.304490835,7435807.26518786,"4"
"324",59,294271.245658317,7508847.94013201,"4"
"325",62,297331.557025609,7488342.55039177,"4"
"326",67,309324.921507292,7488275.76396469,"4"
"327",117,322990.812702045,7490976.64984083,"4"
"328",67,292598.793091769,7474433.20074632,"4"
"329",53,292861.652625144,7470980.87987028,"4"
"330",162,291591.382762927,7470044.06254063,"4"
"331",139,327609.092459429,7461726.41422599,"4"
"332",74,333691.545782606,7471949.90315456,"4"
"333",108,336747.894228942,7466446.13617536,"4"
"334",111,298012.736039504,7437588.22583911,"4"
"335",191,307767.759715335,7442790.06299008,"4"
"336",124,315844.573861401,7444973.99788351,"4"
"337",151,318176.576031603,7446154.3749686,"4"
"338",136,344161.319800429,7451984.52723164,"4"
"339",9,306682.050702848,7427778.78694824,"4"
"340",29,315002.732718578,7426965.51086012,"4"
"341",15,334855.235895614,7443579.10704551,"4"
"342",44,324720.651832381,7416927.35719803,"4"
"343",14,329789.514466448,7383760.47585043,"4"
"344",42,367960.702917079,7346327.81039674,"4"
"345",167,293607.955350258,7432454.57971486,"4"
"346",479,334205.59045141,7425575.55314352,"4"
"347",456,342483.688148648,7429353.54640143,"4"
"348",564,346454.163949899,7436316.41735738,"4"
"349",255,345555.087631346,7420393.52777218,"4"
"350",237,304153.377819758,7409291.9341625,"4"
"351",200,336885.857604084,7395149.3985681,"4"
"352",226,350972.535021492,7390460.10186646,"4"
"353",395,328948.977110985,7365065.78892257,"4"
"354",179,353504.855562762,7371105.47530456,"4"
"355",190,352600.432739994,7376855.07159513,"4"
"356",282,357023.030707978,7381284.70614166,"4"
"357",186,352302.023163223,7385157.89950866,"4"
"358",120,359723.368713909,7386848.03904797,"4"
"359",107,328400.534784359,7357206.40858861,"4"
"360",302,336092.766222241,7352455.95185321,"4"
"361",323,345059.23545075,7347017.78725685,"4"
"362",401,358874.533336298,7343239.99400892,"4"
"363",83,373662.116218131,7349369.17051476,"4"
"364",123,373464.64121545,7347529.15163861,"4"
"365",14,361446.544757936,7340263.90841639,"4"
"366",1,368836.482634971,7344021.34174537,"4"
"367",370,354077.63477003,7335804.90413494,"4"
"368",133,377792.087014839,7337644.4927367,"4"
"369",225,343514.465744001,7314460.91030898,"4"
"370",189,359534.002634934,7319712.51531173,"4"
"371",139,333736.226779205,7300736.39896728,"4"
"372",636,354001.07878156,7302811.00470846,"4"
"373",339,380238.983651928,7298440.73954022,"4"
"374",505,347155.777024137,7290510.55470327,"4"
"375",381,367656.630960084,7266254.29999612,"4"
"376",102,374447.869951161,7261477.67443793,"4"
"377",76,375509.92061288,7260335.46597787,"4"
"378",294,382745.305842367,7251394.86610748,"4"
"379",47,376909.920810409,7245119.70046584,"4"
"380",267,380749.679451672,7239150.84994513,"4"
"381",493,395184.49279169,7222424.16825282,"4"
"382",30,348802.364615197,7180448.72663129,"4"
"383",2,335416.667478969,7178219.1728517,"4"
"384",34,361220.99776347,7235278.69838021,"4"
"385",457,393979.935829519,7215260.42447761,"4"
"386",379,396232.070601838,7194977.25449995,"4"
"387",284,384714.106617387,7193266.48392697,"4"
"388",372,364820.25513906,7191242.55754182,"4"
"389",38,362763.054227154,7187754.72675287,"4"
"390",60,362119.948518949,7188667.4985104,"4"
"391",71,358563.882631999,7188176.35765306,"4"
"392",229,342942.059949784,7179461.77643515,"4"
"393",25,339061.532524416,7188643.52218336,"4"
"394",86,332659.394152524,7181641.37225705,"4"
"395",450,329165.913085831,7192221.42298471,"4"
"396",121,337005.210673916,7220699.72025725,"4"
"397",138,322731.339544554,7219369.05695922,"4"
"398",170,319931.651879649,7224406.18487159,"4"
"399",69,285052.267243109,7490389.75210283,"5"
"400",3,285227.287879517,7490370.06261382,"5"
"401",8,288077.124441207,7493887.99647629,"5"
"402",396,290393.071704671,7494440.53242091,"5"
"403",243,292237.042115376,7494930.91436258,"5"
"404",128,292687.84558029,7495047.79709338,"5"
"405",5,290557.473818887,7495949.19090915,"5"
"406",81,291904.019947688,7502037.41777712,"5"
"407",226,291257.98493948,7503402.10795571,"5"
"408",211,291656.108992743,7503629.04420392,"5"
"409",85,294423.430278154,7508240.79042434,"5"
"410",39,294086.975369951,7504935.60532889,"5"
"411",134,299974.043548323,7507915.25324962,"5"
"412",98,300533.673810586,7506814.95307833,"5"
"413",102,300425.617205613,7505628.44882192,"5"
"414",11,301650.65985143,7498411.88718445,"5"
"415",9,310232.888187566,7496250.22705318,"5"
"416",68,308222.011957448,7499193.34136089,"5"
"417",18,304829.155953356,7516162.33065296,"5"
"418",40,306325.416608133,7513423.4462038,"5"
"419",51,306621.977970423,7516040.91985884,"5"
"420",274,313701.124597543,7504421.88752414,"5"
"421",119,311362.081378519,7510617.48815271,"5"
"422",190,314883.668369842,7517293.99399397,"5"
"423",417,309849.165520156,7480861.78452512,"5"
"424",2,297943.956424096,7486334.82443734,"5"
"425",2,297658.133008903,7490063.68702145,"5"
"426",3,296493.237107586,7490325.09750628,"5"
"427",2,296402.149842065,7489448.86316186,"5"
"428",12,296445.933032793,7486170.88720365,"5"
"429",12,296439.804153973,7485860.6705214,"5"
"430",285,289015.450594618,7503393.59599577,"5"
"431",42,288052.104032574,7505363.02566109,"5"
"432",55,289678.296693059,7506825.31228893,"5"
"433",49,290070.896029426,7506708.83902174,"5"
"434",110,295563.660598332,7512265.49206864,"5"
"435",38,297970.607736667,7512385.84652424,"5"
"436",7,299271.764603217,7519181.15739938,"5"
"437",150,309951.223547889,7527445.14204836,"5"
"438",250,309925.275755305,7521165.36348931,"5"
"439",11,320925.510127394,7523622.21560124,"5"
"440",120,320802.837701566,7523543.27668984,"5"
"441",80,325321.392894516,7519209.59410709,"5"
"442",150,314513.879187534,7524953.2164439,"5"
"443",126,322779.058145122,7517353.40397418,"5"
"444",56,321880.190208991,7511396.15508123,"5"
"445",28,327215.07716296,7507337.37524311,"5"
"446",150,319447.770969036,7507336.70528841,"5"
"447",123,322759.415069729,7456343.06977052,"5"
"448",114,322718.145698011,7456364.73312436,"5"
"449",11,321179.907722638,7474564.88164467,"5"
"450",34,321213.31467421,7474343.77836392,"5"
"451",11,334657.718785901,7474640.43395683,"5"
"452",237,334258.635290876,7474525.33208309,"5"
"453",194,334586.11281736,7474617.50410186,"5"
"454",66,334576.805924652,7475470.11048998,"5"
"455",213,334240.256148331,7475267.09904075,"5"
"456",17,351066.576702871,7435798.47427615,"5"
"457",9,351218.580327191,7435955.02659047,"5"
"458",10,351043.397387986,7435045.22288893,"5"
"459",134,351091.700008835,7435333.62528915,"5"
"460",55,351089.707179619,7435532.93403885,"5"
"461",10,351611.774211895,7435538.14468846,"5"
"462",28,351735.605472659,7435439.71388557,"5"
"463",40,351455.499670798,7434783.56836767,"5"
"464",50,351577.89117653,7434829.08416994,"5"
"465",52,352080.670493196,7434712.27615379,"5"
"466",50,351859.98581304,7435285.91870982,"5"
"467",53,351883.126779571,7432960.65202986,"5"
"468",16,351502.162961815,7432159.53818365,"5"
"469",104,315875.141413047,7460025.95040624,"5"
"470",189,294692.565669081,7466176.44388152,"5"
"471",135,294578.328967247,7464768.15667293,"5"
"472",200,294056.907169792,7465381.34237573,"5"
"473",225,297205.249871612,7469345.03701509,"5"
"474",81,296496.810562374,7471650.49438003,"5"
"475",82,296695.836942374,7472118.37888305,"5"
"476",114,296716.364995437,7472118.654594,"5"
"477",28,296787.76713152,7472152.84258936,"5"
"478",36,296818.261957308,7472175.40476721,"5"
"479",250,297789.943185703,7472443.17238628,"5"
"480",12,296693.605803216,7472284.49506824,"5"
"481",16,296456.934834623,7472325.62023875,"5"
"482",40,296233.806202038,7472123.24245044,"5"
"483",20,295978.846753408,7471997.96696747,"5"
"484",8,296133.403112113,7471955.74374655,"5"
"485",31,306770.611820141,7454174.49438978,"5"
"486",90,304831.780860247,7453462.70111222,"5"
"487",5,304736.641937564,7453682.98686389,"5"
"488",8,288496.884318824,7455755.97214187,"5"
"489",74,299440.735971932,7452549.83343527,"5"
"490",37,299841.837064263,7452455.50040708,"5"
"491",37,316837.889560856,7445019.42201419,"5"
"492",38,316655.659376646,7444839.98072207,"5"
"493",181,316090.035192979,7445010.24490131,"5"
"494",70,316176.384779283,7445487.55543187,"5"
"495",74,315941.188507717,7446282.10408787,"5"
"496",11,316570.164015384,7446799.30068356,"5"
"497",154,316801.75157358,7447134.40185286,"5"
"498",222,314652.025916172,7440340.7065289,"5"
"499",160,324179.535579692,7435848.69490735,"5"
"500",130,301092.73686136,7430141.82498835,"5"
"501",87,315437.337225811,7431523.08319381,"5"
"502",90,315012.452198477,7431938.68393335,"5"
"503",168,316026.740316209,7431873.735735,"5"
"504",80,316076.586681576,7431154.42866443,"5"
"505",44,316201.324410929,7431000.91089144,"5"
"506",66,315793.220022121,7430065.4940843,"5"
"507",43,315676.319964629,7431238.07754521,"5"
"508",11,310447.270993206,7421469.61323058,"5"
"509",306,316418.133144681,7421755.29934076,"5"
"510",150,344464.598565674,7427824.02826872,"5"
"511",191,344343.213186965,7427689.86490823,"5"
"512",1,343946.86310519,7427430.99492197,"5"
"513",1,343946.979535317,7427419.92187338,"5"
"514",53,344090.566762918,7427388.20816513,"5"
"515",54,344232.059082363,7426581.27260571,"5"
"516",22,343350.579436023,7426727.03181248,"5"
"517",110,343376.246259489,7427203.49801618,"5"
"518",10,343900.581168218,7427939.9247077,"5"
"519",10,342666.403286332,7426597.97460892,"5"
"520",198,341993.293271034,7426391.48222963,"5"
"521",92,348123.197386774,7433288.18374707,"5"
"522",318,348266.532429104,7435294.03422794,"5"
"523",3,351064.417449621,7431922.60963389,"5"
"524",297,340166.449255904,7439295.72960185,"5"
"525",77,340365.13635055,7440826.10873489,"5"
"526",389,330661.711425659,7405389.84626171,"5"
"527",58,334741.681484132,7397860.91104111,"5"
"528",79,334699.837392355,7397949.04025004,"5"
"529",93,334876.528409619,7398582.31492345,"5"
"530",145,334914.744446434,7399723.48269265,"5"
"531",4,337286.107629244,7398642.48620479,"5"
"532",38,326362.83415339,7404276.45040308,"5"
"533",29,327185.381450819,7404707.01508987,"5"
"534",110,305259.062524474,7406847.56297938,"5"
"535",8,304979.837570085,7406323.25611915,"5"
"536",4,304653.877248102,7406241.39294105,"5"
"537",7,304391.2923353,7406005.28994797,"5"
"538",44,306448.123652906,7398057.25491283,"5"
"539",170,307868.884425198,7398762.70452639,"5"
"540",138,311901.995834208,7405272.54625254,"5"
"541",345,312709.614265314,7390861.38082737,"5"
"542",82,314719.798957532,7367725.971846,"5"
"543",121,314001.732742563,7368082.28944888,"5"
"544",12,318182.226931489,7376907.95480558,"5"
"545",89,321136.359919339,7378849.74067158,"5"
"546",8,319680.500152965,7369605.18433125,"5"
"547",14,319795.783355982,7369351.86323407,"5"
"548",27,340594.271094313,7373516.44446523,"5"
"549",17,336798.527913814,7372887.22702724,"5"
"550",11,335655.97458893,7376551.3555994,"5"
"551",13,323705.626986823,7391596.29649198,"5"
"552",323,321585.545332223,7392157.59375494,"5"
"553",78,320363.197301292,7391101.47637374,"5"
"554",58,321661.909269831,7386742.36699963,"5"
"555",95,321364.501369354,7386860.56362322,"5"
"556",9,333420.750016268,7374056.04266888,"5"
"557",134,329683.458614833,7362405.17718033,"5"
"558",14,330728.670914379,7358419.08410211,"5"
"559",23,326145.561641285,7363470.60305675,"5"
"560",215,325565.969095325,7364216.78870529,"5"
"561",3,325235.263958662,7364600.45551152,"5"
"562",190,325588.510932405,7364881.62707001,"5"
"563",2,325718.155654565,7365115.78937069,"5"
"564",19,326115.511330381,7365120.57655906,"5"
"565",8,323645.301402937,7363794.72200265,"5"
"566",17,337142.880203314,7372182.27646422,"5"
"567",8,342281.850779515,7372084.06098278,"5"
"568",82,349064.364925903,7366851.4631839,"5"
"569",70,338801.500939162,7362399.14111256,"5"
"570",31,338442.878379416,7362583.41337223,"5"
"571",30,338523.501456693,7362661.84352396,"5"
"572",17,338676.420312861,7362652.47804185,"5"
"573",16,346599.279838273,7361011.15169039,"5"
"574",12,348951.299857628,7360127.83139801,"5"
"575",99,334750.158714103,7388978.69190251,"5"
"576",132,335009.928074127,7390377.1107696,"5"
"577",16,335141.315328714,7391397.5144181,"5"
"578",60,334971.804408789,7391041.19388044,"5"
"579",10,334775.753576624,7391227.25710937,"5"
"580",9,334757.909044628,7391902.64434383,"5"
"581",27,335052.413110536,7392038.87346028,"5"
"582",18,335319.170363833,7391920.0542217,"5"
"583",28,335768.152967658,7391028.01677592,"5"
"584",67,331048.163904962,7395791.99927467,"5"
"585",255,342807.296432822,7390452.03212498,"5"
"586",635,345121.988036769,7394519.01701117,"5"
"587",10,346114.957477892,7400099.99999052,"5"
"588",596,359620.0947981,7376404.14151665,"5"
"589",17,360328.901045757,7389677.72325855,"5"
"590",331,361510.864291707,7373797.7318532,"5"
"591",20,361624.529141018,7372569.58612011,"5"
"592",171,362325.32599894,7358932.82198869,"5"
"593",41,368436.548064462,7356586.84163522,"5"
"594",176,369894.363906554,7359767.25199946,"5"
"595",18,372776.347018803,7356315.78017204,"5"
"596",578,364460.418640773,7350658.43373449,"5"
"597",730,346336.213708673,7352259.0218943,"5"
"598",9,342709.386579091,7358100.7677235,"5"
"599",419,356993.342068952,7331991.43441392,"5"
"600",13,357176.291638588,7331993.26964962,"5"
"601",3,348351.488565496,7337871.65159438,"5"
"602",166,318489.268779146,7341234.10069926,"5"
"603",667,331678.983409196,7347719.80367582,"5"
"604",20,336226.04623748,7344350.03243643,"5"
"605",6,337930.923715583,7344745.99984886,"5"
"606",454,360942.807777849,7312771.3394585,"5"
"607",472,357681.086477317,7296026.29815903,"5"
"608",11,344878.801808199,7299357.40264347,"5"
"609",351,343534.328051107,7297138.36576891,"5"
"610",24,375574.676990062,7334236.68445017,"5"
"611",541,371902.5363154,7332232.95507134,"5"
"612",955,377093.565153097,7317306.44260395,"5"
"613",4,390833.019378546,7305204.6452004,"5"
"614",36,389857.024559915,7308076.26065751,"5"
"615",111,379627.916893577,7309432.31657195,"5"
"616",29,383767.086972155,7303409.46999762,"5"
"617",272,381352.365882726,7264152.27614449,"5"
"618",270,384218.213420303,7266169.97483403,"5"
"619",312,384536.004998013,7266881.40292494,"5"
"620",120,390251.295413387,7265676.41596449,"5"
"621",218,394505.90753223,7288920.83387642,"5"
"622",308,373873.808829337,7292504.37888454,"5"
"623",272,361066.893898116,7291995.61171922,"5"
"624",8,372401.200487226,7264083.76292218,"5"
"625",19,368690.837777123,7276719.14012948,"5"
"626",406,350544.753267243,7271263.95238655,"5"
"627",768,341891.512054155,7279209.64226448,"5"
"628",23,339958.377844672,7286165.733794,"5"
"629",15,339867.193864124,7286164.68934286,"5"
"630",560,339714.966480825,7286185.09716664,"5"
"631",503,370603.823984979,7242215.34854318,"5"
"632",243,377405.297645043,7242809.40699453,"5"
"633",1117,384807.718330208,7229649.92488194,"5"
"634",377,386652.811723917,7222521.92143422,"5"
"635",4,399858.372750346,7190441.78076031,"5"
"636",171,396467.3235464,7186650.48160094,"5"
"637",100,396072.775338783,7189549.15832418,"5"
"638",24,399263.2424145,7191998.92683873,"5"
"639",9,398946.207896571,7194023.29623722,"5"
"640",715,397882.550378215,7197614.68157147,"5"
"641",54,380862.620940986,7194130.05917579,"5"
"642",37,380678.847196086,7194427.47690371,"5"
"643",29,380544.593195673,7194813.9382911,"5"
"644",1,380575.371414895,7194747.75673872,"5"
"645",1,380575.666235656,7194714.53200764,"5"
"646",741,380904.210308028,7195116.17096171,"5"
"647",3,379217.178047905,7200317.83841828,"5"
"648",9,372704.780369663,7204422.52974738,"5"
"649",306,350519.234157413,7214242.07532214,"5"
"650",655,341431.249130526,7216487.28772295,"5"
"651",461,336595.603830175,7211998.92851696,"5"
"652",524,371754.874958995,7195231.48053179,"5"
"653",46,372899.638120714,7191243.85885247,"5"
"654",16,372797.57081235,7190334.6482757,"5"
"655",123,370335.054745201,7189048.41112705,"5"
"656",35,369439.019282099,7188087.16398224,"5"
"657",170,368347.590806324,7189627.19605588,"5"
"658",4,359548.313519537,7190235.89690322,"5"
"659",307,359177.250065673,7190121.24472543,"5"
"660",161,342772.703797607,7189618.01245308,"5"
"661",14,340771.868761001,7184410.05845977,"5"
"662",129,349349.01203627,7181906.02897346,"5"
"663",538,345413.995627549,7181318.37477756,"5"
"664",2,337357.363695943,7183981.33130898,"5"
"665",184,335304.008226122,7176755.46644897,"5"
"666",301,335250.01474163,7177873.69706403,"5"
"667",80,326130.263324879,7195040.75628994,"5"
"668",526,326583.331410386,7195035.52191224,"5"
"669",81,327883.41217452,7194919.26668494,"5"
"670",97,352064.569044348,7237187.6144421,"5"
"671",3,324499.343463429,7217564.08958515,"5"
"672",18,330906.554211616,7235934.65518399,"5"
"673",27,324255.624098358,7233347.25683331,"5"
"674",16,324109.755570486,7233699.87772809,"5"
"675",6,323319.832585521,7228427.60185087,"5"
"676",4,321800.982433261,7228817.74755283,"5"
"677",18,319742.151282422,7225766.32098324,"5"
"678",566,332805.556094335,7224326.53866962,"5"
"679",16,324474.468081127,7207028.31225774,"5"
"680",375,323063.770751374,7209347.48435109,"5"
"681",52,311450.679909809,7339559.00224998,"5"
"682",36,311327.05239011,7343534.1086909,"5"
"683",30,314122.409912118,7344545.45136563,"5"
"684",89,315198.009456195,7333770.31144358,"5"
"685",550,303202.078594279,7313724.73699618,"5"
"686",17,311351.651045953,7309515.5191296,"5"
"687",1,311291.345385123,7309470.40212753,"5"
"688",637,312966.669328113,7310977.10022446,"5"
"689",11,314260.249642939,7328485.36609491,"5"
"690",2,315008.950029779,7329536.37871497,"5"
"691",285,329183.898028104,7330832.25883334,"5"
"692",535,317724.424140914,7317563.80853999,"5"
"693",305,325692.922157447,7320400.07706045,"5"
"694",20,334848.311254455,7290714.16407042,"5"
"695",147,326542.167724771,7285329.95676741,"5"
"696",74,326174.815384837,7285535.85737104,"5"
"697",138,326248.708267375,7286112.78829827,"5"
"698",54,326196.946025441,7286200.7619044,"5"
"699",30,326254.5725375,7286456.25269418,"5"
"700",826,326672.882107566,7286228.82633319,"5"
"701",21,320757.083897616,7283672.85643882,"5"
"702",16,315884.496287862,7289746.52745313,"5"
"703",17,334554.848388654,7291530.36930197,"5"
"704",333,331749.350964871,7320218.48282673,"5"
"705",44,334088.09784334,7307031.98590704,"5"
"706",659,333530.542726114,7306981.10788075,"5"
"707",20,333730.214678193,7307260.37504827,"5"
"708",24,328932.236282532,7307070.06000596,"5"
"709",11,316172.936944917,7301005.17123138,"5"
"710",18,328517.437332235,7317000.78392732,"5"
"711",8,283781.676261597,7486808.86298974,"6"
"712",83,285836.251572458,7488264.22222787,"6"
"713",28,286942.983242222,7488165.08417227,"6"
"714",56,287499.926065758,7492908.18017022,"6"
"715",67,289739.903040666,7489236.81532815,"6"
"716",113,295969.395204322,7498901.19870591,"6"
"717",11,297811.080389866,7500745.03337071,"6"
"718",64,294611.07263698,7501700.63757315,"6"
"719",35,291677.258788892,7505925.07782703,"6"
"720",14,292736.936402135,7507775.29040061,"6"
"721",30,295089.244209548,7507414.72432294,"6"
"722",66,295016.184288215,7506849.05629026,"6"
"723",24,295035.495721302,7507522.92234476,"6"
"724",86,294989.696055313,7507343.61810776,"6"
"725",80,301781.06904203,7505017.82232451,"6"
"726",22,298714.785326919,7503188.26722327,"6"
"727",43,301213.753124552,7504325.27390887,"6"
"728",39,301820.929092636,7504001.96128838,"6"
"729",31,301991.071507722,7503864.04993873,"6"
"730",75,297687.709905608,7496991.22964976,"6"
"731",121,296665.036214688,7496312.92594175,"6"
"732",129,299535.568853015,7494317.08529424,"6"
"733",340,312725.659980883,7497375.5309488,"6"
"734",84,304790.471806701,7505345.62260934,"6"
"735",68,304715.230509311,7513925.70137901,"6"
"736",14,306129.934873235,7513976.04165045,"6"
"737",50,307606.420996885,7513928.08441787,"6"
"738",48,307782.655054478,7514171.90534999,"6"
"739",42,307086.12008731,7514323.98203101,"6"
"740",61,309312.270905647,7508932.62783686,"6"
"741",8,310659.651510147,7504747.75674297,"6"
"742",90,310620.02305263,7504471.68257898,"6"
"743",49,311700.236984379,7504364.61965791,"6"
"744",39,311293.942830624,7500725.34058315,"6"
"745",116,313935.516112846,7498923.98816065,"6"
"746",16,310645.827406782,7513284.0451782,"6"
"747",6,310346.966640868,7515030.21997367,"6"
"748",57,313062.38420773,7516210.34632205,"6"
"749",33,315615.037411462,7517905.01769276,"6"
"750",65,315485.081757043,7517091.69443134,"6"
"751",8,311159.775973241,7484304.10610069,"6"
"752",29,311453.282059024,7483928.04660668,"6"
"753",140,310995.303104919,7482837.90178241,"6"
"754",77,314084.757211716,7479385.26542728,"6"
"755",5,301725.386343471,7487824.75048825,"6"
"756",384,302161.374426347,7487288.62224577,"6"
"757",5,284036.393534943,7487858.51930029,"6"
"758",80,283556.892957618,7493080.6389215,"6"
"759",14,283199.075077008,7494605.48768033,"6"
"760",15,282914.257741122,7494605.87681651,"6"
"761",9,283069.250687219,7494926.54135817,"6"
"762",37,290134.505975807,7501153.77315087,"6"
"763",88,290456.893535485,7501635.9460238,"6"
"764",12,289333.820572571,7505182.57079263,"6"
"765",19,299602.255148479,7511009.21376242,"6"
"766",18,301398.761016216,7525580.33421012,"6"
"767",16,301408.988362378,7525572.7124761,"6"
"768",33,301813.799140915,7525360.4474671,"6"
"769",83,303208.810951292,7524301.15168001,"6"
"770",6,299317.58991458,7523150.13370108,"6"
"771",21,304656.735459792,7521020.16688382,"6"
"772",22,305004.855674929,7523128.11248325,"6"
"773",7,305128.195752548,7523652.96830041,"6"
"774",49,306342.533576565,7526236.14759339,"6"
"775",29,306393.930200339,7526341.26439397,"6"
"776",15,307084.192152791,7518706.95339555,"6"
"777",41,307225.290633634,7519116.64805562,"6"
"778",22,309836.189328513,7519421.80828762,"6"
"779",18,311419.288709186,7523492.19392187,"6"
"780",9,311637.122625441,7525044.76129147,"6"
"781",116,316380.95342162,7522548.4739969,"6"
"782",100,316020.682404843,7521249.21119674,"6"
"783",24,317003.517253392,7521109.51785987,"6"
"784",30,319329.093853487,7524130.25395119,"6"
"785",38,324455.08788895,7519595.85939977,"6"
"786",44,324595.903943706,7516806.22844489,"6"
"787",143,323473.8501827,7518096.68560241,"6"
"788",55,323373.766665211,7517996.05844712,"6"
"789",68,323210.988155974,7517646.65109199,"6"
"790",5,322964.82484391,7517537.3341968,"6"
"791",32,322559.354495193,7517286.27883928,"6"
"792",20,322663.522436896,7517344.13867946,"6"
"793",11,322728.636354168,7517351.53087495,"6"
"794",146,322153.16101377,7517843.99339706,"6"
"795",64,316308.568036805,7518932.32743874,"6"
"796",70,319085.711851503,7518375.9315901,"6"
"797",79,318829.969568628,7518089.42894904,"6"
"798",37,325089.18016436,7515850.77726184,"6"
"799",39,324656.111671624,7515901.23304676,"6"
"800",94,324938.164374171,7515885.05565729,"6"
"801",102,326119.041058832,7516611.39133155,"6"
"802",9,316235.360793391,7507818.59642784,"6"
"803",7,326884.769497003,7501673.09904724,"6"
"804",73,322037.238392764,7498751.7118141,"6"
"805",42,331945.46010374,7493253.92915293,"6"
"806",33,329884.453585071,7486108.01326721,"6"
"807",15,332046.918807859,7484109.14149073,"6"
"808",82,332617.265808043,7454323.86825585,"6"
"809",137,333768.013880759,7454599.85336824,"6"
"810",156,333550.114139488,7454404.19074697,"6"
"811",78,333359.609260965,7454096.05352933,"6"
"812",39,327938.712218839,7454104.31532153,"6"
"813",22,328285.1256295,7454739.91030604,"6"
"814",73,328324.877517187,7454924.57448051,"6"
"815",1159,325773.445873539,7457223.31769197,"6"
"816",10,319892.784987752,7466917.29649832,"6"
"817",25,319644.90140195,7466380.33495935,"6"
"818",462,321558.945585182,7473529.04935606,"6"
"819",80,321835.902497619,7473546.33823743,"6"
"820",46,322105.59549464,7473366.40457253,"6"
"821",163,338689.081114792,7448515.62730869,"6"
"822",11,342549.04123266,7447860.8788861,"6"
"823",342,342145.043692785,7448017.38436043,"6"
"824",119,341907.028265606,7447899.51825644,"6"
"825",230,343178.054520019,7448198.77801918,"6"
"826",124,342606.902483677,7447847.64459078,"6"
"827",10,343069.831254826,7445050.9492828,"6"
"828",84,325480.893697236,7440958.73132042,"6"
"829",15,325179.265569173,7440811.04160125,"6"
"830",115,324640.265279777,7439799.2824089,"6"
"831",96,318871.675218048,7439489.85458159,"6"
"832",130,319436.750622104,7439246.02940644,"6"
"833",60,318249.306004456,7437891.65647514,"6"
"834",75,315564.616936261,7434950.94511132,"6"
"835",78,315938.022802064,7434880.80421787,"6"
"836",23,316132.683841314,7434981.96744132,"6"
"837",94,313617.385253792,7437451.62080528,"6"
"838",62,313486.565574471,7436843.7676849,"6"
"839",20,306898.144881404,7442021.42308467,"6"
"840",87,332452.646568502,7443884.23555877,"6"
"841",18,326697.97244286,7450668.10009188,"6"
"842",112,327141.299058483,7451523.95092744,"6"
"843",104,326442.567280161,7453003.23738091,"6"
"844",96,304673.537950106,7447837.25985414,"6"
"845",327,305389.801713095,7447479.04026153,"6"
"846",161,306524.850907895,7447384.28078673,"6"
"847",106,306876.185544183,7447809.15428845,"6"
"848",108,301224.260092356,7450116.26231497,"6"
"849",99,301291.614704311,7450035.74366609,"6"
"850",52,301303.367932667,7453456.84169895,"6"
"851",94,301492.542616016,7453792.18861595,"6"
"852",54,290118.727951944,7451857.96963103,"6"
"853",91,304282.719814825,7455904.48934029,"6"
"854",48,319454.214715622,7453823.43001701,"6"
"855",41,319080.604290579,7454427.14954401,"6"
"856",67,313783.087527339,7463337.99765114,"6"
"857",35,313779.577466904,7463206.89468459,"6"
"858",75,306125.863019601,7463328.97811753,"6"
"859",80,299180.411832383,7467783.98300312,"6"
"860",35,305419.522251974,7470296.23485798,"6"
"861",18,305896.923593549,7469700.21236876,"6"
"862",396,305901.986445352,7468946.1958253,"6"
"863",135,306334.219063301,7468106.46868746,"6"
"864",55,309203.813048669,7466206.948204,"6"
"865",48,319581.711239781,7436083.70890813,"6"
"866",25,319692.405911348,7436187.86631992,"6"
"867",34,322086.050589637,7436194.49115273,"6"
"868",62,318843.797572912,7433051.31550553,"6"
"869",42,316171.398365145,7433657.2373052,"6"
"870",85,315990.811896182,7433205.88488802,"6"
"871",65,313481.510580271,7432710.56280616,"6"
"872",112,292473.027273981,7437618.11364101,"6"
"873",128,300845.306905486,7427434.67959762,"6"
"874",84,301036.596395722,7426959.09912997,"6"
"875",19,300852.723491065,7426843.83453545,"6"
"876",80,300369.624986351,7426781.95951396,"6"
"877",47,300199.183074774,7427240.64478554,"6"
"878",12,301273.937041625,7425578.9798126,"6"
"879",139,312316.948299674,7430588.15891619,"6"
"880",78,313645.534213122,7431399.57203284,"6"
"881",102,312098.606295264,7426527.32852157,"6"
"882",61,313024.050048564,7420286.04131033,"6"
"883",108,313635.660975533,7421688.96849117,"6"
"884",157,319707.332981266,7420545.82479844,"6"
"885",393,329112.055625713,7426695.93435552,"6"
"886",70,331858.877217926,7435199.58335809,"6"
"887",39,331726.022056235,7436854.87259574,"6"
"888",25,349243.45237815,7420257.70195806,"6"
"889",14,344151.461328765,7416196.56638364,"6"
"890",902,343642.886551975,7414529.47006512,"6"
"891",271,347002.298808833,7429246.47458563,"6"
"892",153,341051.136008431,7427567.11678414,"6"
"893",50,337518.893545575,7436988.55610358,"6"
"894",445,338244.900041613,7396810.03730184,"6"
"895",12,331476.451611982,7397203.50139523,"6"
"896",35,321782.33480338,7400667.75028415,"6"
"897",320,328151.114868349,7401942.27938858,"6"
"898",88,331649.18561292,7400466.42507718,"6"
"899",35,300400.100945313,7424517.533389,"6"
"900",82,301327.350329461,7405395.77882191,"6"
"901",75,303105.201494208,7400927.44575119,"6"
"902",55,311146.74696994,7394632.58572563,"6"
"903",20,312475.122966105,7392030.2650101,"6"
"904",328,321638.884219239,7377866.07574473,"6"
"905",12,301947.587782379,7379748.35793166,"6"
"906",65,302935.211618914,7381625.15405154,"6"
"907",35,303303.427648666,7381621.27374216,"6"
"908",73,310440.334950667,7382001.02758106,"6"
"909",65,308620.745354541,7379226.82331323,"6"
"910",271,308915.207940417,7375673.52919082,"6"
"911",37,308130.878561497,7375420.59684461,"6"
"912",275,309502.268251482,7374109.80021936,"6"
"913",53,302924.054921706,7370362.69565887,"6"
"914",36,302839.658689081,7370471.02861837,"6"
"915",107,345305.223770942,7365377.14693368,"6"
"916",254,343463.815139332,7366432.34198678,"6"
"917",263,339220.200922119,7366396.47652683,"6"
"918",12,339911.289834757,7366102.89766325,"6"
"919",241,341416.888447547,7362464.84648112,"6"
"920",86,341047.020065901,7362239.82560994,"6"
"921",100,341294.711618778,7362427.50885412,"6"
"922",8,338037.927553981,7367445.96328677,"6"
"923",267,337911.340233412,7368481.20085543,"6"
"924",327,326395.1570919,7366979.17270736,"6"
"925",51,331011.571717513,7388991.81915491,"6"
"926",150,337430.980214612,7377708.76654875,"6"
"927",101,342045.499293721,7380129.7272383,"6"
"928",65,342855.969666761,7380387.32537863,"6"
"929",83,342066.519418781,7384585.41609562,"6"
"930",50,335982.066824687,7386556.77414213,"6"
"931",71,343779.179358154,7385874.53418358,"6"
"932",15,338690.997923646,7390975.1148354,"6"
"933",10,338621.317718065,7391230.54771319,"6"
"934",240,339373.341065956,7391395.17614931,"6"
"935",149,326898.054137574,7392170.70226835,"6"
"936",238,333430.668191858,7403940.18001388,"6"
"937",125,343780.685615165,7391120.49867001,"6"
"938",342,345007.105631063,7396192.65380614,"6"
"939",376,345910.238534839,7397001.95539221,"6"
"940",111,346756.121902048,7382522.99354245,"6"
"941",368,351615.816287383,7370787.7836027,"6"
"942",81,358982.337169364,7375021.06156207,"6"
"943",7,361825.459954891,7379250.8472765,"6"
"944",164,372524.955050741,7361332.04722319,"6"
"945",13,356872.396987189,7353366.7558841,"6"
"946",334,357596.640642552,7353818.96228663,"6"
"947",11,368611.35633277,7341118.74366778,"6"
"948",241,369247.939355326,7340778.507547,"6"
"949",465,354744.350371971,7349162.10474615,"6"
"950",13,351649.966712804,7354549.40077679,"6"
"951",80,351862.667785703,7354738.94257968,"6"
"952",12,344085.083062576,7352839.1113853,"6"
"953",136,345114.174911433,7357344.73126625,"6"
"954",70,362364.127545475,7359846.26641242,"6"
"955",12,368447.522608391,7353846.47101262,"6"
"956",311,369492.929352064,7352526.5548533,"6"
"957",23,372807.031799829,7351811.36170053,"6"
"958",148,372793.456819378,7352233.3435901,"6"
"959",35,352540.174193491,7333060.37769175,"6"
"960",7,343110.041659293,7335543.07324891,"6"
"961",10,343867.562526009,7338333.17701538,"6"
"962",454,326639.097178692,7338193.74585625,"6"
"963",34,332382.813652866,7338706.62953689,"6"
"964",14,330487.158103647,7339759.02358553,"6"
"965",8,321964.862063544,7347676.72292166,"6"
"966",300,329689.807175982,7347304.04048847,"6"
"967",113,335408.639960139,7342582.55344924,"6"
"968",13,336157.224425579,7342999.10227552,"6"
"969",19,335896.827232928,7344932.9100523,"6"
"970",39,360485.091601947,7335821.36349375,"6"
"971",4,357440.546123614,7330676.33881544,"6"
"972",29,345141.357455984,7312711.86479859,"6"
"973",90,338189.169801502,7306071.34346979,"6"
"974",8,351121.159303701,7313818.14139802,"6"
"975",10,364368.206286396,7323146.06453218,"6"
"976",83,358837.001488995,7301048.80004588,"6"
"977",173,357058.682777266,7296626.90163076,"6"
"978",11,342669.836669234,7296248.89058374,"6"
"979",116,361945.634606146,7302863.49041126,"6"
"980",132,377989.73016643,7301506.34960271,"6"
"981",279,392385.339514452,7300947.98584527,"6"
"982",205,377324.083211595,7311626.96965004,"6"
"983",161,371309.676068584,7315285.63520167,"6"
"984",166,369228.338214453,7323055.45886594,"6"
"985",11,373217.897893762,7334202.81835651,"6"
"986",277,382053.054507511,7315753.03714706,"6"
"987",246,390771.696833653,7300863.93195864,"6"
"988",308,338673.289273368,7285176.78115677,"6"
"989",10,335840.180234867,7278586.01818052,"6"
"990",572,341301.218673141,7279640.81764791,"6"
"991",23,385040.935220333,7257738.8369244,"6"
"992",34,369767.513821063,7296408.16918362,"6"
"993",117,361874.389785809,7300701.30026843,"6"
"994",198,363447.664941242,7288046.71461016,"6"
"995",22,365721.016723452,7284581.90117796,"6"
"996",123,374486.225067721,7283109.99920569,"6"
"997",274,394126.808083916,7289052.3319987,"6"
"998",91,393522.804567308,7288135.06547476,"6"
"999",120,393699.093178599,7288980.06099777,"6"
"1000",12,377145.403268384,7233989.83763678,"6"
"1001",117,380383.162134693,7229419.345579,"6"
"1002",112,386378.721757755,7225037.01636777,"6"
"1003",195,386244.498247495,7233844.462588,"6"
"1004",51,386891.020583871,7226503.1928036,"6"
"1005",10,390684.649557756,7222256.42336956,"6"
"1006",172,391213.627045653,7221593.39289386,"6"
"1007",17,392969.866712593,7225215.8982697,"6"
"1008",18,395485.271435503,7224313.62961269,"6"
"1009",297,389034.13443673,7235945.77305943,"6"
"1010",294,388978.401253134,7238026.84400614,"6"
"1011",9,399233.790665541,7230281.39325212,"6"
"1012",8,401258.498272454,7226707.84077246,"6"
"1013",12,358807.619417603,7233477.94281413,"6"
"1014",60,366054.367723443,7231863.80987234,"6"
"1015",68,378862.110823319,7227571.47972345,"6"
"1016",108,380348.322880508,7228713.17349277,"6"
"1017",148,389442.979130987,7223191.83441135,"6"
"1018",219,390132.500511267,7218728.63153279,"6"
"1019",14,394872.672907092,7190862.39159367,"6"
"1020",268,396165.230172018,7198034.5928167,"6"
"1021",8,391542.132187143,7197555.71942053,"6"
"1022",322,389266.937257086,7202063.7199964,"6"
"1023",17,388528.666298662,7192279.68940934,"6"
"1024",224,352080.85606178,7216835.2741163,"6"
"1025",529,335791.777312345,7218878.19173248,"6"
"1026",36,336388.366342722,7219370.02718,"6"
"1027",7,335812.780333628,7219073.41043271,"6"
"1028",460,336305.094291908,7217702.04029843,"6"
"1029",7,342245.266866446,7214499.16650279,"6"
"1030",112,352366.576353746,7206328.34394615,"6"
"1031",28,363901.008102598,7200198.39556529,"6"
"1032",120,372194.804063115,7198384.0430458,"6"
"1033",95,373944.28592035,7197372.66430062,"6"
"1034",14,367467.525821015,7194402.60760012,"6"
"1035",30,365080.386144374,7189435.63770685,"6"
"1036",25,361584.865391486,7190023.86732785,"6"
"1037",80,346497.294061099,7198693.37242463,"6"
"1038",326,338729.17216047,7197219.63223302,"6"
"1039",309,337695.30221427,7194332.34815447,"6"
"1040",20,348285.363278628,7191923.45300318,"6"
"1041",50,352065.885366941,7194070.59804522,"6"
"1042",11,351388.957964572,7185500.12657747,"6"
"1043",10,350674.648488243,7187127.93035585,"6"
"1044",13,344349.14937957,7186700.45378316,"6"
"1045",12,340086.277313259,7182568.51289458,"6"
"1046",50,347540.300287198,7182852.80016841,"6"
"1047",10,342919.592363299,7181690.16286957,"6"
"1048",20,340909.749656564,7182087.7575924,"6"
"1049",12,339813.530383897,7178666.20723763,"6"
"1050",10,332045.959034077,7185653.62269082,"6"
"1051",163,329769.941744592,7189163.16254929,"6"
"1052",209,328470.52474277,7191835.16514535,"6"
"1053",125,336229.169839034,7236029.64387705,"6"
"1054",201,324365.45843417,7221867.15802436,"6"
"1055",144,321746.984590374,7222208.67059991,"6"
"1056",8,332253.694228427,7235832.51306711,"6"
"1057",22,331777.512907562,7233694.23969014,"6"
"1058",42,331985.376783781,7236963.92971305,"6"
"1059",64,327774.153213472,7233036.60851475,"6"
"1060",102,326356.503825513,7234388.27280049,"6"
"1061",74,325815.876978626,7234638.77646288,"6"
"1062",71,325456.870359146,7230337.24981879,"6"
"1063",9,318359.966495381,7222048.4947295,"6"
"1064",688,333223.251311187,7225270.29918632,"6"
"1065",9,333175.91846744,7223203.92704417,"6"
"1066",207,335932.80951396,7225807.94932853,"6"
"1067",106,293248.180406504,7490213.53408676,"7"
"1068",81,298931.195869937,7504951.79367158,"7"
"1069",67,300772.678842617,7504372.16639451,"7"
"1070",20,301244.531235495,7504755.59358253,"7"
"1071",11,298734.51740835,7496531.72043756,"7"
"1072",57,298682.312717984,7496904.66246326,"7"
"1073",28,304887.131785949,7516516.73260279,"7"
"1074",13,306904.862066077,7513413.54644721,"7"
"1075",164,307722.241054873,7512702.40088738,"7"
"1076",12,315347.069668486,7501947.71539413,"7"
"1077",7,315001.570973479,7501856.79840815,"7"
"1078",119,311620.818644423,7518573.54763995,"7"
"1079",15,315313.34037257,7517521.18351812,"7"
"1080",15,312575.377476025,7496325.98810359,"7"
"1081",180,301752.513407379,7487964.47478386,"7"
"1082",133,301840.570072013,7487409.42648147,"7"
"1083",124,296853.427994953,7479039.33721228,"7"
"1084",193,297083.340933055,7478602.12901865,"7"
"1085",81,296459.567537961,7478693.46477365,"7"
"1086",68,296758.067100713,7476701.87835065,"7"
"1087",13,296556.662545868,7476584.16857162,"7"
"1088",44,285392.505283348,7493656.87070559,"7"
"1089",35,298261.26991171,7512394.26737311,"7"
"1090",45,300297.703201728,7513412.8027436,"7"
"1091",15,301322.832812468,7523869.87091255,"7"
"1092",32,301300.861726781,7523414.75805579,"7"
"1093",74,300844.690355573,7522004.71248253,"7"
"1094",62,300792.977640034,7521421.66080706,"7"
"1095",195,298467.509493641,7526264.44069477,"7"
"1096",55,303521.899076647,7524859.62822847,"7"
"1097",150,303239.553368505,7518645.36798826,"7"
"1098",12,305443.653730417,7525270.77006182,"7"
"1099",49,306296.433607596,7524278.97137362,"7"
"1100",65,308287.442627572,7521895.11247094,"7"
"1101",80,307620.432659477,7520612.46297864,"7"
"1102",40,313308.774519315,7523570.64813683,"7"
"1103",14,313324.539896487,7523857.67267051,"7"
"1104",8,313746.172245507,7524496.58882407,"7"
"1105",25,314348.759247274,7525352.32202815,"7"
"1106",47,314405.467243706,7522769.10756155,"7"
"1107",31,314007.991677049,7522136.21865549,"7"
"1108",52,315483.380062576,7522841.98130055,"7"
"1109",21,315656.565867233,7523981.21699166,"7"
"1110",53,315336.711750602,7524288.41729517,"7"
"1111",133,315367.283823812,7524531.86832229,"7"
"1112",23,316112.393511337,7524017.82905691,"7"
"1113",20,317321.20351323,7523827.81043794,"7"
"1114",26,318115.642088212,7521546.60172093,"7"
"1115",60,319384.723812062,7524011.29999927,"7"
"1116",43,322654.958755222,7523162.79055168,"7"
"1117",120,321934.613577798,7522906.46007521,"7"
"1118",3,323912.012255514,7520767.96882979,"7"
"1119",47,328110.489310258,7510724.62260605,"7"
"1120",15,322439.547467074,7512223.95703392,"7"
"1121",120,322019.302898262,7510830.75442248,"7"
"1122",20,322823.173699381,7511140.87783805,"7"
"1123",20,323007.76346251,7511002.35708167,"7"
"1124",57,316109.938320874,7509273.4231364,"7"
"1125",25,326686.868606035,7507134.30720463,"7"
"1126",98,326667.920774184,7505515.79112363,"7"
"1127",55,326045.013460974,7505748.50554781,"7"
"1128",297,335079.054357431,7451021.40407675,"7"
"1129",214,324543.084339011,7461862.12349237,"7"
"1130",140,320179.298143078,7465390.13979199,"7"
"1131",228,319483.661740312,7471075.15267732,"7"
"1132",158,318958.180656057,7471945.64770276,"7"
"1133",7,324585.313570078,7477443.49318776,"7"
"1134",4,326330.007685537,7478590.03177747,"7"
"1135",79,324918.106953501,7470949.09101206,"7"
"1136",297,341185.473568293,7444105.07143686,"7"
"1137",604,341473.945273927,7443338.84661874,"7"
"1138",78,319472.453418548,7450930.23514687,"7"
"1139",205,314071.001402148,7460706.69909749,"7"
"1140",292,303483.89968857,7461231.48046906,"7"
"1141",127,301712.810205147,7463053.01591789,"7"
"1142",142,298327.186437646,7462592.00100606,"7"
"1143",333,297884.271285968,7462392.04566419,"7"
"1144",144,299095.905835114,7466948.81260489,"7"
"1145",35,298889.050844605,7466684.47309298,"7"
"1146",182,332857.070866593,7446563.4671183,"7"
"1147",46,325099.064752107,7439657.36792324,"7"
"1148",355,329899.700540566,7440108.97665515,"7"
"1149",313,331903.081176921,7437180.25424095,"7"
"1150",44,327789.201399364,7437961.88436369,"7"
"1151",115,317286.219975501,7434001.57358198,"7"
"1152",26,316966.28175551,7434430.51656388,"7"
"1153",262,315767.67891969,7433918.06284209,"7"
"1154",175,316218.257843219,7434298.36107346,"7"
"1155",12,316375.232807188,7434355.30740521,"7"
"1156",15,316734.049138818,7434234.94293884,"7"
"1157",16,300784.061333206,7428439.44136247,"7"
"1158",23,309524.194150361,7425618.55730431,"7"
"1159",30,309799.863912785,7425268.57946528,"7"
"1160",94,323347.258193323,7431692.8094409,"7"
"1161",32,324556.32922042,7431536.56511848,"7"
"1162",208,324571.193938021,7431274.44150508,"7"
"1163",28,324524.559085424,7430961.56871585,"7"
"1164",34,325487.072349194,7433026.79499261,"7"
"1165",43,325313.738398069,7432632.88353224,"7"
"1166",24,324937.516036387,7432764.13221475,"7"
"1167",3,324804.059739736,7432708.84630439,"7"
"1168",15,324673.952869548,7432687.93182198,"7"
"1169",61,324426.165242382,7432605.26760788,"7"
"1170",6,347583.826364955,7430567.49787146,"7"
"1171",170,340627.510774472,7420257.65679288,"7"
"1172",97,338962.69206325,7421299.47093314,"7"
"1173",439,338756.177475066,7422840.10052508,"7"
"1174",5,339675.075271059,7429377.02130621,"7"
"1175",43,342571.482364847,7430082.24161568,"7"
"1176",193,346566.806611014,7430473.97698653,"7"
"1177",427,319627.439694694,7398728.41171553,"7"
"1178",89,323041.126356236,7402084.62290635,"7"
"1179",149,322467.975027188,7404538.18183432,"7"
"1180",3,308737.690568675,7406709.14212948,"7"
"1181",32,308847.271172644,7417390.66382344,"7"
"1182",436,313669.840831631,7401409.31558349,"7"
"1183",12,319141.208059704,7405241.54988192,"7"
"1184",34,313679.728408368,7368286.20221625,"7"
"1185",176,315733.111186421,7373254.87287485,"7"
"1186",312,316528.034574402,7375301.92069861,"7"
"1187",11,321283.201833797,7373605.86055723,"7"
"1188",70,341084.122785396,7372263.12796775,"7"
"1189",97,339034.344563303,7373430.35897168,"7"
"1190",196,334263.132500659,7374187.15144347,"7"
"1191",145,335946.530651607,7365860.93118715,"7"
"1192",36,335812.438072123,7365839.28805495,"7"
"1193",60,334645.502672786,7366463.38462475,"7"
"1194",38,334908.889351186,7366957.59563266,"7"
"1195",77,337634.79895716,7366560.02549984,"7"
"1196",45,342294.362374847,7371855.49390661,"7"
"1197",30,342610.946732529,7372037.24477396,"7"
"1198",313,333990.716256967,7362521.81439992,"7"
"1199",79,335054.049734755,7361609.37640446,"7"
"1200",108,338182.246571344,7361417.56927901,"7"
"1201",56,344358.928323353,7385236.18152244,"7"
"1202",100,344875.854171694,7385159.37031498,"7"
"1203",830,344755.608861891,7384490.83314872,"7"
"1204",1076,343165.041741196,7386432.38873609,"7"
"1205",313,340300.979496746,7389441.20082079,"7"
"1206",40,341098.18417067,7389385.6644531,"7"
"1207",295,335665.969621499,7391551.82912784,"7"
"1208",343,359176.089556412,7375506.88737749,"7"
"1209",17,349988.243938958,7397915.28711007,"7"
"1210",100,374146.679074965,7347262.73176355,"7"
"1211",291,373080.893700295,7360327.93985322,"7"
"1212",62,371487.220517761,7360442.83425771,"7"
"1213",30,369074.36674438,7361545.13725212,"7"
"1214",75,369935.028536945,7357312.32983157,"7"
"1215",925,355099.424744546,7349996.30202122,"7"
"1216",453,369293.775746339,7348109.3083892,"7"
"1217",193,372811.253151981,7346952.5035156,"7"
"1218",353,369275.796364059,7348239.81951672,"7"
"1219",115,350279.736513432,7350495.05747642,"7"
"1220",188,354719.569037464,7357457.75468053,"7"
"1221",120,349420.471210868,7350984.07937783,"7"
"1222",9,357348.977564452,7343015.74188021,"7"
"1223",50,312554.755390207,7342653.16517564,"7"
"1224",55,312314.125671641,7342432.52965683,"7"
"1225",65,313483.694855372,7344557.08520476,"7"
"1226",53,313845.730268491,7344980.32308009,"7"
"1227",40,328479.893787616,7339942.94427303,"7"
"1228",382,319802.843244597,7349786.22541751,"7"
"1229",360,325159.740373065,7351825.15746922,"7"
"1230",91,329312.620764824,7353494.04188301,"7"
"1231",213,334207.454522043,7344927.48793698,"7"
"1232",20,362352.86222665,7339652.6696499,"7"
"1233",517,339856.89165723,7308631.62088878,"7"
"1234",20,361949.4104429,7318532.4075499,"7"
"1235",415,362983.977475763,7319378.60067599,"7"
"1236",725,334560.241002457,7297792.38177262,"7"
"1237",19,344736.107927882,7301824.65276922,"7"
"1238",613,377247.390029514,7340291.84336773,"7"
"1239",106,389121.35622403,7320078.39397348,"7"
"1240",194,378366.057526128,7308450.27752666,"7"
"1241",23,376868.595483749,7304821.68019901,"7"
"1242",107,379032.63083565,7260321.88011022,"7"
"1243",447,390374.616456247,7264196.55210894,"7"
"1244",289,395489.225383299,7264072.38294363,"7"
"1245",54,395924.695070095,7265860.27767143,"7"
"1246",27,375402.490894133,7293924.34723488,"7"
"1247",748,372834.499688136,7289348.45496448,"7"
"1248",20,373995.001428596,7283331.13048662,"7"
"1249",152,359639.561083647,7264911.68887036,"7"
"1250",638,360456.718379178,7266677.46755552,"7"
"1251",392,375132.463088323,7265559.672644,"7"
"1252",110,375948.888377352,7266928.67512533,"7"
"1253",24,371435.907977638,7273161.05911732,"7"
"1254",210,360068.808070597,7274098.09707187,"7"
"1255",218,359151.766718096,7275486.94832199,"7"
"1256",28,336025.824172534,7280295.86172979,"7"
"1257",12,336697.945695984,7280231.93676261,"7"
"1258",359,336951.560797755,7280746.64549433,"7"
"1259",15,338348.243985452,7282024.15544662,"7"
"1260",492,337625.734974741,7283641.25129648,"7"
"1261",12,337374.984677719,7283380.61798401,"7"
"1262",6,336327.42105048,7282575.47305339,"7"
"1263",147,345531.988988466,7288005.78680321,"7"
"1264",9,353995.674185249,7289118.611262,"7"
"1265",7,354157.101025223,7289090.57506224,"7"
"1266",15,353834.075678086,7288871.96761426,"7"
"1267",20,353913.710005206,7290806.23674383,"7"
"1268",305,377116.866908713,7265886.77383488,"7"
"1269",15,367274.456835405,7239115.7637878,"7"
"1270",523,384023.265015071,7239372.38374066,"7"
"1271",21,401049.24656921,7217433.51116196,"7"
"1272",81,360434.789118816,7227984.63255572,"7"
"1273",161,386517.160909447,7217108.70560507,"7"
"1274",326,398279.145097113,7204465.56188131,"7"
"1275",248,400333.292524516,7194522.05089674,"7"
"1276",226,394987.754112436,7191112.11641477,"7"
"1277",465,380924.520948714,7205188.02954616,"7"
"1278",119,381052.224361165,7203628.59791316,"7"
"1279",148,360595.099719462,7215656.54159598,"7"
"1280",476,358610.823445953,7210887.53249073,"7"
"1281",390,352213.532790358,7202177.6299902,"7"
"1282",327,350706.821519651,7209931.7254582,"7"
"1283",336,343225.420765606,7216723.01453658,"7"
"1284",119,344574.75857772,7219744.47992108,"7"
"1285",116,356082.791095315,7213461.5179958,"7"
"1286",245,371245.020629353,7190634.05175699,"7"
"1287",146,344656.496978089,7199259.75649217,"7"
"1288",44,339143.128992639,7192347.43015159,"7"
"1289",132,344581.294181398,7198446.54911241,"7"
"1290",128,338879.740879951,7187681.26088351,"7"
"1291",105,337394.309836585,7188290.54067407,"7"
"1292",341,337752.396245902,7189602.06275452,"7"
"1293",433,331877.242013973,7191255.6051395,"7"
"1294",101,342122.412784352,7232368.51325012,"7"
"1295",164,339789.038319693,7233409.93754301,"7"
"1296",105,328333.65968653,7226206.78163311,"7"
"1297",100,327760.547478527,7226713.93753956,"7"
"1298",64,329113.988331678,7233702.20538284,"7"
"1299",20,328190.181475151,7234660.85893515,"7"
"1300",221,319112.404143299,7218842.98208214,"7"
"1301",83,320521.431141264,7214683.41676874,"7"
"1302",346,382418.74163665,7195087.59915231,"8"
"1303",642,373269.498571606,7199641.73534544,"8"
"1304",145,365659.454279949,7190059.42836068,"8"
"1305",57,361886.078966994,7186631.27411944,"8"
"1306",40,358977.805779198,7190511.23506888,"8"
"1307",230,352083.943839057,7188378.13351645,"8"
"1308",441,330715.676638939,7188177.1477154,"8"
"1309",208,354431.897404772,7210451.60583273,"8"
"1310",196,319010.066087107,7220806.38760595,"8"
"1311",41,346123.024247176,7234667.49051492,"8"
"1312",66,355116.478713135,7237120.90459389,"8"
"1313",76,362810.36805728,7232135.28216653,"8"
"1314",313,381264.220244119,7229695.82869436,"8"
"1315",564,388609.864307006,7224425.47424881,"8"
"1316",721,395809.156030165,7213237.31028056,"8"
"1317",346,398487.34759082,7209200.06112885,"8"
"1318",53,337840.787358375,7177935.59308473,"8"
"1319",17,324360.945899745,7208909.15718882,"8"
"1320",18,367014.358826852,7236089.01870298,"8"
"1321",10,368555.059178173,7236938.97594363,"8"
"1322",508,372605.419334991,7240987.80789532,"8"
"1323",534,379847.417843621,7253744.622723,"8"
"1324",24,386469.182852691,7256511.31564492,"8"
"1325",461,393847.094091335,7254948.99727888,"8"
"1326",894,364332.268199602,7260796.81729572,"8"
"1327",193,368094.794335397,7264677.52048099,"8"
"1328",362,347152.259882429,7292341.3149922,"8"
"1329",290,375860.968635145,7291198.19509193,"8"
"1330",228,380079.229270164,7289812.53048025,"8"
"1331",12,373200.156625921,7298070.83383826,"8"
"1332",355,383203.100008205,7299895.99099303,"8"
"1333",382,392918.546292359,7307608.74500338,"8"
"1334",359,377562.224135997,7308251.40827812,"8"
"1335",11,373728.528426895,7310430.13497055,"8"
"1336",401,362435.040240911,7305449.31150289,"8"
"1337",176,347663.47976105,7311654.62494609,"8"
"1338",411,349949.815330603,7320660.91817562,"8"
"1339",409,376499.01075735,7336095.82868538,"8"
"1340",466,337218.339989233,7349166.75970926,"8"
"1341",153,355134.792044769,7349525.58876166,"8"
"1342",712,348883.310829668,7352489.16522242,"8"
"1343",198,330112.717013096,7364159.58858363,"8"
"1344",71,323258.099111422,7363530.34691375,"8"
"1345",154,343927.026162954,7370554.28467335,"8"
"1346",212,363589.514071323,7361198.34580729,"8"
"1347",361,369648.468581915,7360830.29414121,"8"
"1348",303,372315.352446891,7360486.39136835,"8"
"1349",135,363136.179297676,7364380.16538624,"8"
"1350",456,357908.09934446,7374751.61102681,"8"
"1351",565,348706.532732488,7375673.56267684,"8"
"1352",258,345484.168464044,7376486.69108415,"8"
"1353",293,337621.398423423,7378111.78522467,"8"
"1354",579,324689.517169872,7389805.08982021,"8"
"1355",304,340382.528773572,7399299.62838192,"8"
"1356",626,323009.093985127,7403890.69324839,"8"
"1357",286,325835.235514416,7404694.60620337,"8"
"1358",187,346032.158317267,7418456.42731239,"8"
"1359",279,347819.908966057,7420506.34388465,"8"
"1360",459,349042.075261963,7425500.59598404,"8"
"1361",265,323011.09090322,7431675.6597435,"8"
"1362",13,323995.527736998,7433873.80760876,"8"
"1363",264,311451.800667311,7422856.26978935,"8"
"1364",462,305478.728281321,7421644.53692805,"8"
"1365",192,297624.874273262,7413893.68534805,"8"
"1366",287,293176.667749291,7429891.20151764,"8"
"1367",51,296053.403757023,7428508.55607128,"8"
"1368",99,287490.42023078,7491291.65053359,"8"
"1369",176,292086.036170251,7493438.8193636,"8"
"1370",544,292988.938198608,7496788.73269407,"8"
"1371",54,300972.695393738,7505123.83796853,"8"
"1372",702,318833.129063424,7502893.99224184,"8"
"1373",139,315733.278027665,7522586.97883337,"8"
"1374",72,302700.418747186,7517941.12871575,"8"
"1375",120,303863.934560213,7518030.31876683,"8"
"1376",237,323999.185241812,7505981.67801194,"8"
"1377",185,327362.146943838,7485308.41422581,"8"
"1378",394,307639.371276593,7470405.63182714,"8"
"1379",483,326576.714063178,7471007.78594933,"8"
"1380",26,328366.170444907,7506372.72671865,"8"
"1381",29,323835.05589708,7510667.08080356,"8"
"1382",35,296335.67163152,7478317.00634788,"8"
"1383",174,335595.196623599,7465891.23311311,"8"
"1384",576,322085.3475466,7459311.06071357,"8"
"1385",286,351086.323583595,7435247.02849803,"8"
"1386",565,347395.105161536,7440972.80646154,"8"
"1387",483,308098.589261994,7443813.35352128,"8"
"1388",392,311770.083338378,7442606.78991966,"8"
"1389",187,313983.368411667,7443887.73742426,"8"
"1390",467,298635.541624181,7455843.27971219,"8"
"1391",90,288074.063979194,7493367.349292,"9"
"1392",4,291614.865658772,7487035.9837046,"9"
"1393",350,293630.163892006,7489987.58080585,"9"
"1394",200,291719.855541362,7507274.0099443,"9"
"1395",120,291932.510266888,7506767.38156933,"9"
"1396",55,291180.609540419,7506823.6425922,"9"
"1397",250,291232.048060369,7506824.34132405,"9"
"1398",36,299227.917418656,7506742.5732654,"9"
"1399",50,302249.255110949,7503027.10895695,"9"
"1400",17,300032.432306697,7491623.47201239,"9"
"1401",2,311678.957935423,7483221.46995005,"9"
"1402",7,312317.366786437,7482265.81088178,"9"
"1403",3,312102.375149947,7481377.13016286,"9"
"1404",2,309890.421988317,7482490.39201669,"9"
"1405",4,310606.021509337,7492688.62467634,"9"
"1406",12,309764.252481905,7492600.63630479,"9"
"1407",2,308748.114155941,7484292.44829264,"9"
"1408",3,298817.176729409,7485571.0571538,"9"
"1409",220,298189.509165379,7487966.26849436,"9"
"1410",8,298048.597736868,7486967.55155898,"9"
"1411",2,297244.41803605,7474850.52109627,"9"
"1412",21,292312.104763458,7511424.5218104,"9"
"1413",75,295779.448496424,7509964.555974,"9"
"1414",90,304331.505492886,7521317.12123371,"9"
"1415",50,308708.303868215,7525480.6761693,"9"
"1416",45,307724.256323304,7519288.62346144,"9"
"1417",10,310380.03025976,7525235.42330725,"9"
"1418",130,310690.99535946,7521706.34775342,"9"
"1419",80,311158.648504333,7520515.97844754,"9"
"1420",30,313236.26717734,7522423.9133624,"9"
"1421",20,319269.728329958,7522539.8412495,"9"
"1422",31,319114.111572171,7522637.69262068,"9"
"1423",67,320429.378036488,7521113.68007259,"9"
"1424",36,319974.300458101,7521285.57949876,"9"
"1425",70,322191.214624712,7521920.30210839,"9"
"1426",70,322049.99605549,7521663.97188041,"9"
"1427",28,323586.906513836,7517827.76979358,"9"
"1428",4,323586.274145822,7517883.13342934,"9"
"1429",45,322098.558684764,7517445.24729809,"9"
"1430",50,322860.895566826,7517398.6398739,"9"
"1431",33,324715.71745796,7515426.46294776,"9"
"1432",16,317732.47317927,7517538.29904303,"9"
"1433",30,318056.661228498,7517110.21659027,"9"
"1434",15,317642.577270305,7517304.67290265,"9"
"1435",6,317559.0527009,7517403.35699448,"9"
"1436",40,320592.007549782,7515977.07682528,"9"
"1437",40,320185.120493608,7514676.63655988,"9"
"1438",24,324910.971937962,7511829.58051694,"9"
"1439",38,324640.926224611,7512047.99236198,"9"
"1440",70,320820.954168395,7509567.66204148,"9"
"1441",7,315848.808446416,7506319.43552479,"9"
"1442",700,325266.823460171,7455862.98306463,"9"
"1443",150,325372.000111611,7456517.62367751,"9"
"1444",7,319503.846367486,7472208.18501565,"9"
"1445",300,319462.926535487,7472196.6219786,"9"
"1446",80,320060.021366322,7472048.68266315,"9"
"1447",53,320033.31508508,7471705.04080174,"9"
"1448",140,319863.577517444,7472168.17065021,"9"
"1449",60,340831.657591796,7444142.28552189,"9"
"1450",16,340863.447205834,7444042.95606386,"9"
"1451",180,340905.007847979,7443988.02738494,"9"
"1452",45,341097.267386172,7444211.55623315,"9"
"1453",20,341087.848327527,7444133.93674172,"9"
"1454",45,341131.055815676,7443923.98623396,"9"
"1455",33,341253.263427527,7443991.72967758,"9"
"1456",28,341297.996706382,7443637.8305506,"9"
"1457",21,341458.706650567,7443938.53902962,"9"
"1458",350,341538.770758128,7444116.57476716,"9"
"1459",17,327306.717867781,7440791.50554291,"9"
"1460",27,327043.654204692,7440511.58524889,"9"
"1461",200,326508.67563585,7440715.80234406,"9"
"1462",180,322438.848576957,7440147.41160321,"9"
"1463",60,333046.395893165,7447778.4337203,"9"
"1464",500,333250.191739457,7446961.18672922,"9"
"1465",24,320688.383610392,7446040.70578242,"9"
"1466",140,317131.078908921,7447858.33398565,"9"
"1467",35,298336.00909272,7455414.93109475,"9"
"1468",150,298392.621407477,7455781.21606168,"9"
"1469",800,298631.552689671,7455551.8128956,"9"
"1470",30,297901.404791174,7454943.87627495,"9"
"1471",2,297533.620834732,7455603.51894967,"9"
"1472",2,297533.620834732,7455603.51894967,"9"
"1473",25,297681.185401998,7455306.43903326,"9"
"1474",40,318966.902935135,7450283.98900638,"9"
"1475",36,304420.83426008,7462993.87718451,"9"
"1476",25,298612.483785457,7469264.16167626,"9"
"1477",120,306189.165430543,7469894.83723569,"9"
"1478",350,306077.66934588,7468985.18816193,"9"
"1479",300,306218.826336634,7472387.27620582,"9"
"1480",20,305983.328184063,7472339.95641932,"9"
"1481",350,326916.890766071,7438195.4369397,"9"
"1482",40,311707.745252983,7435020.63734651,"9"
"1483",350,310529.30121789,7434285.74778783,"9"
"1484",11,289573.499639608,7438269.07104453,"9"
"1485",270,291616.060395826,7433578.84732818,"9"
"1486",300,291809.202986515,7434412.34407688,"9"
"1487",150,292362.155253638,7432946.79578596,"9"
"1488",30,298144.743410893,7432383.90924378,"9"
"1489",90,312639.162046715,7431798.21386533,"9"
"1490",7,312476.445856116,7423610.98737866,"9"
"1491",120,327845.592415733,7434927.98632203,"9"
"1492",140,327485.010565106,7434237.15997855,"9"
"1493",6,349938.965086157,7414713.32464922,"9"
"1494",25,347683.096895147,7413383.45363312,"9"
"1495",15,347468.102724376,7413414.45494838,"9"
"1496",120,347437.323741172,7413425.21094179,"9"
"1497",60,347095.997420874,7413809.27739281,"9"
"1498",150,347595.262730529,7413969.48290907,"9"
"1499",250,346474.427437915,7413614.55901826,"9"
"1500",50,348300.959709411,7427908.02615809,"9"
"1501",7,334901.902436896,7422770.32593895,"9"
"1502",200,337096.568061987,7437202.66954646,"9"
"1503",40,334264.667386305,7442332.21830859,"9"
"1504",250,334173.350243708,7442253.6828154,"9"
"1505",5,327970.172766651,7429469.42364913,"9"
"1506",50,327918.749304001,7429490.97824286,"9"
"1507",180,327521.446542074,7429331.31899914,"9"
"1508",100,330876.642142251,7405359.09466677,"9"
"1509",150,331179.832951155,7405650.5356869,"9"
"1510",120,330988.897077269,7405371.46090375,"9"
"1511",40,330620.589847383,7405411.52307021,"9"
"1512",20,330800.793129187,7405734.7805994,"9"
"1513",250,330507.315874094,7403715.69882429,"9"
"1514",5,325998.820543607,7400506.45199728,"9"
"1515",38,325474.51136691,7400788.19002423,"9"
"1516",18,325452.371522881,7400931.90968117,"9"
"1517",180,325528.024918759,7401442.28744876,"9"
"1518",15,325689.128955518,7400779.66573046,"9"
"1519",16,325631.269359262,7400491.01234722,"9"
"1520",60,325346.216628867,7400410.09207422,"9"
"1521",16,325224.18395833,7400364.33613434,"9"
"1522",10,325202.305808771,7400485.9074692,"9"
"1523",50,325201.778017802,7400530.2037263,"9"
"1524",17,325137.461574666,7400784.17693551,"9"
"1525",45,325132.974535995,7401160.69501711,"9"
"1526",27,326382.483456545,7400023.67229465,"9"
"1527",18,325857.847692337,7399474.74788707,"9"
"1528",70,323630.802221329,7402903.75480586,"9"
"1529",11,323447.86091258,7402824.02666917,"9"
"1530",3,323890.155919421,7403427.42399965,"9"
"1531",30,324359.80512335,7403455.19854937,"9"
"1532",40,325610.528448026,7403957.42552926,"9"
"1533",7,300376.545158021,7405873.80125949,"9"
"1534",130,309410.957072806,7405085.39161366,"9"
"1535",120,317111.03507916,7395646.67907576,"9"
"1536",4,315734.447947636,7386580.06785687,"9"
"1537",9,318056.422039218,7368244.61101844,"9"
"1538",80,318410.491204505,7366022.68577207,"9"
"1539",39,317979.58668743,7364632.69961261,"9"
"1540",28,317632.334588766,7364694.77970634,"9"
"1541",150,315677.487653003,7362166.63791403,"9"
"1542",5,314679.821612663,7362896.00488039,"9"
"1543",9,321186.091494789,7373157.18604768,"9"
"1544",7,321176.942086102,7373899.18087243,"9"
"1545",13,321193.145036093,7373412.02646488,"9"
"1546",53,327561.471383241,7372049.28874409,"9"
"1547",95,327396.362138636,7371360.6172484,"9"
"1548",4,326989.040980023,7371322.53110578,"9"
"1549",7,345149.494955812,7373698.7026783,"9"
"1550",7,340855.180771957,7373895.86532586,"9"
"1551",3,340019.523383242,7372014.96223953,"9"
"1552",16,335346.045143707,7376005.14951186,"9"
"1553",31,335342.02598189,7376359.5169238,"9"
"1554",6,334928.266107732,7375978.25397136,"9"
"1555",15,334916.307202935,7376133.17400788,"9"
"1556",33,335066.730686579,7376356.3921691,"9"
"1557",27,334902.459306808,7376454.20395133,"9"
"1558",60,334444.008676548,7376415.75737326,"9"
"1559",60,334500.263401931,7376848.34108458,"9"
"1560",50,323951.604190321,7386437.90949033,"9"
"1561",180,322720.117903125,7388682.48426505,"9"
"1562",180,319787.803746195,7394716.25967541,"9"
"1563",5,328942.579899335,7369053.02986782,"9"
"1564",11,328872.026773666,7368985.74072448,"9"
"1565",18,328647.42685859,7369016.31099306,"9"
"1566",30,328596.077233098,7369048.93058832,"9"
"1567",40,331210.546520417,7358147.84038752,"9"
"1568",21,332945.324978746,7357857.93892629,"9"
"1569",200,348504.556053929,7366790.23445231,"9"
"1570",200,347585.339615364,7366990.99717533,"9"
"1571",80,343426.272002229,7366182.37858296,"9"
"1572",40,343002.044293286,7366775.83472233,"9"
"1573",15,343177.780689123,7366545.16418225,"9"
"1574",17,343672.965419139,7366927.08030165,"9"
"1575",43,343950.940506214,7366664.28079631,"9"
"1576",4,340746.535216222,7364314.60995357,"9"
"1577",3,340705.785541229,7364314.16060936,"9"
"1578",31,340631.785710941,7364557.00061991,"9"
"1579",60,340398.694504429,7364443.67422519,"9"
"1580",100,340039.91591432,7363719.80970937,"9"
"1581",10,340009.845605899,7363675.17526797,"9"
"1582",14,340756.304444746,7363428.69467258,"9"
"1583",15,332922.775100689,7358045.9657266,"9"
"1584",200,344522.72637182,7381776.67888243,"9"
"1585",50,343021.16896876,7382912.35031492,"9"
"1586",36,342693.918377583,7382986.34270128,"9"
"1587",70,326733.838620199,7393637.20611856,"9"
"1588",900,334192.78809123,7404865.2667849,"9"
"1589",90,352172.044913298,7379874.06127099,"9"
"1590",300,353213.684673589,7379740.6464355,"9"
"1591",7,352921.421522095,7379394.38425666,"9"
"1592",193,354251.319700726,7368842.72558827,"9"
"1593",130,356013.176049648,7361805.8972753,"9"
"1594",280,357169.793033665,7383999.33365309,"9"
"1595",150,357057.803417935,7383976.08661394,"9"
"1596",85,355837.572018941,7384606.36789415,"9"
"1597",11,353683.797931424,7384717.78960908,"9"
"1598",130,361504.823927625,7384063.34599704,"9"
"1599",160,372129.31280815,7355800.64615509,"9"
"1600",33,372491.939100615,7359690.79791993,"9"
"1601",10,369419.354995873,7351512.79407674,"9"
"1602",50,369439.608994365,7351524.05227801,"9"
"1603",100,369550.654594516,7351624.72797354,"9"
"1604",200,369752.997737184,7351759.45298665,"9"
"1605",800,352424.56228397,7355146.92121478,"9"
"1606",180,351563.602468373,7332146.32515292,"9"
"1607",250,350000.997255163,7331875.22924171,"9"
"1608",50,311320.768280718,7341695.20249033,"9"
"1609",50,311556.34458144,7341576.45754076,"9"
"1610",600,318538.140930369,7344602.07061382,"9"
"1611",8,335687.115612515,7339891.3676273,"9"
"1612",22,337395.667388603,7341705.17994026,"9"
"1613",6,339114.177937503,7344482.44751674,"9"
"1614",200,339507.239316157,7347543.72148621,"9"
"1615",100,353968.191369995,7332592.02555279,"9"
"1616",140,349439.52075462,7302497.12602676,"9"
"1617",1,346750.290696738,7302589.9290462,"9"
"1618",1,346750.290696738,7302589.9290462,"9"
"1619",23,376941.10966055,7304514.26307294,"9"
"1620",90,375681.651733104,7304691.46706452,"9"
"1621",900,374872.182637017,7311317.89831784,"9"
"1622",70,378700.003693189,7339689.82934633,"9"
"1623",18,377395.612523871,7297762.81445252,"9"
"1624",180,380777.139441175,7258133.68804753,"9"
"1625",8,381297.017012413,7257639.79573503,"9"
"1626",201,392266.423772754,7262801.8162257,"9"
"1627",18,393246.765787542,7262886.93353067,"9"
"1628",20,388984.995444743,7284935.70123642,"9"
"1629",25,389023.399971916,7285201.7876671,"9"
"1630",170,389335.825735859,7285403.60190219,"9"
"1631",30,389287.724238119,7285082.06880199,"9"
"1632",7,389318.550246304,7285026.94205506,"9"
"1633",27,389349.639191675,7284938.59470669,"9"
"1634",6,364850.415799315,7296961.02813109,"9"
"1635",300,365193.527718173,7297130.45240699,"9"
"1636",170,359761.002753102,7262676.73312885,"9"
"1637",380,369315.930630812,7263024.98682432,"9"
"1638",350,337276.592770328,7284129.91152778,"9"
"1639",13,340135.970345697,7283044.21991429,"9"
"1640",700,337203.68677568,7286909.27551959,"9"
"1641",6,337408.478666782,7287598.40256123,"9"
"1642",90,343061.661876587,7286832.26996058,"9"
"1643",6,374646.672191741,7264093.19695236,"9"
"1644",6,374145.891854807,7263545.97522041,"9"
"1645",58,360472.163755313,7245383.48415323,"9"
"1646",9,362540.843389079,7248638.47500437,"9"
"1647",350,374117.215011218,7251163.66425079,"9"
"1648",4,378115.674482395,7252683.68948025,"9"
"1649",70,378948.305583053,7238481.61879838,"9"
"1650",6,378293.94105274,7232594.83330761,"9"
"1651",500,378630.582829544,7232188.03915554,"9"
"1652",3,379698.95707671,7238078.44720963,"9"
"1653",7,382403.332060985,7227669.10772597,"9"
"1654",350,382943.278218853,7227053.5386383,"9"
"1655",500,388583.121229442,7224464.92154321,"9"
"1656",69,396550.965095789,7216443.13006903,"9"
"1657",180,399647.766766241,7216100.90334071,"9"
"1658",200,371671.089029097,7190301.78284156,"9"
"1659",33,372678.553127788,7189092.98895587,"9"
"1660",39,368340.00745808,7187323.23410921,"9"
"1661",35,367389.116561785,7187867.69220761,"9"
"1662",23,365134.304496728,7190027.29815824,"9"
"1663",150,365224.064572282,7190105.73451702,"9"
"1664",64,361438.117926553,7188450.0218199,"9"
"1665",11,338182.550933662,7198990.68635362,"9"
"1666",6,349682.534354809,7188932.78860582,"9"
"1667",300,347608.007371278,7188222.60826552,"9"
"1668",60,346942.057818664,7186630.96132867,"9"
"1669",2,338350.627858515,7188358.03572656,"9"
"1670",5,339218.156966664,7187327.13902289,"9"
"1671",70,338590.813104396,7184284.26961684,"9"
"1672",7,339841.918906572,7183113.94936216,"9"
"1673",3,339915.351926734,7182860.03661801,"9"
"1674",100,341436.992229876,7180053.29979638,"9"
"1675",250,333370.374876545,7183500.30065876,"9"
"1676",150,333962.622450312,7184404.98358158,"9"
"1677",400,326178.928242205,7195949.81626609,"9"
"1678",80,348247.864887148,7235384.66513671,"9"
"1679",150,344539.613836653,7233891.97195132,"9"
"1680",400,324022.696722951,7216217.45550844,"9"
"1681",300,324383.980828155,7215568.51629921,"9"
"1682",8,327205.15570512,7232409.99581592,"9"
"1683",40,319866.31436448,7224006.49897068,"9"
"1684",2,321049.699807382,7221474.07651771,"9"
"1685",350,318581.578309614,7218970.88432824,"9"
"1686",40,318358.532534063,7217549.84889604,"9"
"1687",5,323843.064461512,7204449.91088851,"9"
"1688",6,323914.291099438,7204395.44698096,"9"
"1689",13,325073.407226617,7203568.54445172,"9"
"1690",250,325460.744943701,7198543.96307336,"9"
"1691",350,336293.813350035,7227027.48554528,"9"
"1692",6,336005.479324844,7227511.42845819,"9"
"1693",5,401576.005311765,7212881.1938578,"9"
"1694",30,401164.780369005,7201592.9200133,"9"
"1695",200,397558.555432606,7187301.22475822,"9"
"1696",6,397190.912521669,7191972.16274981,"9"
"1697",70,395891.118476641,7198729.10817376,"9"
"1698",48,391279.374817839,7198914.20819103,"9"
"1699",300,383538.434130714,7193079.14461365,"9"
"1700",300,384144.698372543,7192785.33772202,"9"
"1701",22,377096.525623819,7197706.93120047,"9"
"1702",350,373862.536722035,7213116.862772,"9"
"1703",51,337179.019344952,7220502.4074588,"9"
"1704",600,341299.899210976,7210481.83530227,"9"
"1705",6,372975.009654568,7192850.61064969,"9"
"1706",6,372543.501221696,7193787.99928818,"9"
"1707",160,365220.418296885,7192476.06508577,"9"
"1708",680,387014.421222059,7225940.66084761,"10"
"1709",460,379803.092208057,7226514.15558145,"10"
"1710",706,379033.154937243,7200543.69458683,"10"
"1711",147,397279.356752985,7190276.11580963,"10"
"1712",120,397708.592636578,7194391.68176559,"10"
"1713",608,396962.725476844,7200583.71294827,"10"
"1714",260,361691.181418677,7190489.1503853,"10"
"1715",131,372880.97015158,7196004.01305472,"10"
"1716",516,368490.43266191,7201568.03466384,"10"
"1717",45,351692.566075976,7182853.44363527,"10"
"1718",345,331566.926346002,7182584.02358854,"10"
"1719",166,344892.447546414,7185784.89399396,"10"
"1720",248,329489.652225457,7191036.6091585,"10"
"1721",104,360427.906849206,7210310.07025791,"10"
"1722",222,358808.389440623,7210243.53107165,"10"
"1723",449,326702.771704022,7198009.06087181,"10"
"1724",281,324415.157640725,7209314.37989935,"10"
"1725",471,336990.300383123,7213220.02383977,"10"
"1726",289,333193.427098934,7220189.14479711,"10"
"1727",125,328562.213075691,7234704.229717,"10"
"1728",15,324379.982854444,7232129.33811735,"10"
"1729",472,327349.189339451,7226990.60038211,"10"
"1730",423,343315.259588891,7180319.53879714,"10"
"1731",841,379731.251481172,7284130.09811554,"10"
"1732",124,358879.399897993,7290299.36330877,"10"
"1733",129,360988.912341316,7285566.6355833,"10"
"1734",600,368502.382815766,7241278.45981239,"10"
"1735",339,381420.806298721,7256502.99436955,"10"
"1736",498,388436.674846153,7255712.5658267,"10"
"1737",290,370802.723988329,7262549.03102217,"10"
"1738",527,383600.199695396,7339950.45387085,"10"
"1739",482,355826.655893575,7338345.37859869,"10"
"1740",387,343573.757443911,7315841.7285564,"10"
"1741",370,354326.433108349,7306022.59026525,"10"
"1742",578,391511.628894071,7298717.60802114,"10"
"1743",37,387861.797276651,7303596.02802844,"10"
"1744",809,374922.822298633,7312490.57017294,"10"
"1745",814,358318.08188492,7384215.1221402,"10"
"1746",269,360196.941231001,7375529.11352618,"10"
"1747",259,348817.194485659,7374263.81198693,"10"
"1748",29,320170.558447452,7380777.30146574,"10"
"1749",101,320060.057923117,7374106.43758582,"10"
"1750",431,332162.471719674,7374655.30389692,"10"
"1751",166,366164.533831452,7370267.01983976,"10"
"1752",656,347603.016263851,7365231.2963291,"10"
"1753",136,371255.141438289,7353657.10811623,"10"
"1754",591,365859.958998134,7347426.32207257,"10"
"1755",195,344848.021466053,7349687.82204751,"10"
"1756",708,325209.52703696,7341321.54036452,"10"
"1757",208,350462.405479747,7361368.33130766,"10"
"1758",363,318409.918532189,7426668.34233269,"10"
"1759",310,345326.866520808,7426815.50411429,"10"
"1760",86,349658.063485746,7433690.42069136,"10"
"1761",217,344130.517393482,7434502.40135755,"10"
"1762",728,344734.14503813,7418827.28182198,"10"
"1763",859,347815.601626294,7400764.19818147,"10"
"1764",205,309512.903721868,7393227.04111707,"10"
"1765",138,313316.135832057,7398290.98029785,"10"
"1766",848,313139.568153815,7411632.19557805,"10"
"1767",336,285216.174466631,7487189.9703648,"10"
"1768",442,299813.794391003,7471581.07885872,"10"
"1769",113,298715.066111894,7468263.56342014,"10"
"1770",564,299037.740272005,7464375.17014941,"10"
"1771",184,304378.775633699,7464701.24586508,"10"
"1772",119,311718.525160871,7468813.2470045,"10"
"1773",134,318282.888938911,7475600.68230745,"10"
"1774",254,338030.084413683,7470847.11202553,"10"
"1775",338,316872.455756248,7468173.12628855,"10"
"1776",411,317373.48339905,7447086.08301017,"10"
"1777",125,320001.087542725,7438547.55506337,"10"
"1778",332,313466.604793294,7435367.95703585,"10"
"1779",483,331346.438140153,7441050.80229925,"10"
"1780",426,340139.434002267,7467396.92040519,"10"
"1781",213,333134.077000333,7467748.06705875,"10"
"1782",278,290985.066076955,7456368.10009777,"10"
"1783",210,287925.952567798,7491892.18843346,"10"
"1784",124,295901.624348198,7500077.7793328,"10"
"1785",58,291251.540259906,7504842.79842544,"10"
"1786",275,292024.058526995,7506344.12351407,"10"
"1787",134,328393.872415166,7507994.07780216,"10"
"1788",225,313783.626823061,7507577.51027069,"10"
"1789",144,303996.992881539,7514008.52665642,"10"
"1790",135,308297.947207764,7522341.60638802,"10"
"1791",80,310668.612717172,7522106.26425217,"10"
"1792",67,313447.750304499,7520181.47909156,"10"
"1793",80,314447.044620947,7520684.86351017,"10"
"1794",147,314207.641149853,7519204.87770875,"10"
"1795",189,320779.29032508,7519790.97334688,"10"
"1796",165,305409.789097518,7527192.46203045,"11"
"1797",110,309729.17815311,7527607.53134629,"11"
"1798",208,310492.056641596,7521413.80268018,"11"
"1799",54,308926.327706746,7516759.70229172,"11"
"1800",31,307115.154242957,7510589.30246224,"11"
"1801",148,300625.77075269,7507831.2589629,"11"
"1802",194,292951.403649597,7505443.2593574,"11"
"1803",111,293707.914172528,7503329.12222212,"11"
"1804",53,298025.063786097,7489600.14596428,"11"
"1805",261,299537.463990139,7489754.08028563,"11"
"1806",181,321702.742789012,7506487.81859787,"11"
"1807",133,321168.60348754,7524670.83012193,"11"
"1808",96,331348.034039265,7499326.49127565,"11"
"1809",513,294115.629882773,7474326.54118603,"11"
"1810",280,307883.872209444,7468055.6898783,"11"
"1811",280,318301.90322039,7468506.61279452,"11"
"1812",46,319308.035499748,7467876.65264469,"11"
"1813",469,332062.019960967,7465485.82604965,"11"
"1814",284,328037.396761413,7444015.00954987,"11"
"1815",246,293116.830665265,7460789.9748408,"11"
"1816",342,302735.661075688,7452654.47197353,"11"
"1817",134,346052.951070932,7234963.52191588,"11"
"1818",336,322683.881241256,7228622.62046845,"11"
"1819",38,320537.1086141,7226758.00193486,"11"
"1820",219,320067.916293813,7214821.22300953,"11"
"1821",90,329906.707653589,7208534.62298808,"11"
"1822",58,325641.738982692,7207629.43826568,"11"
"1823",445,324785.386402216,7205127.45761808,"11"
"1824",135,348607.394603905,7220840.69893731,"11"
"1825",379,337416.894496135,7206070.18426417,"11"
"1826",168,363038.565794472,7187065.42191939,"11"
"1827",175,372422.900817067,7196215.57327765,"11"
"1828",393,370009.765285392,7198790.05227574,"11"
"1829",556,381987.759249745,7194792.29347642,"11"
"1830",336,376624.921748356,7232218.18841656,"11"
"1831",517,383170.673696901,7244928.71973102,"11"
"1832",977,393021.064329519,7237976.79705945,"11"
"1833",146,394247.1210543,7196919.56902269,"11"
"1834",675,395783.857466049,7194468.66492771,"11"
"1835",137,336257.135834069,7177636.62551406,"11"
"1836",401,340866.198512893,7178324.13481369,"11"
"1837",198,350209.9873037,7184750.20798365,"11"
"1838",232,358980.017033973,7293698.00569499,"11"
"1839",379,389627.505473438,7293650.47656679,"11"
"1840",414,386217.813568669,7258880.26862475,"11"
"1841",414,379861.360437353,7258850.9217135,"11"
"1842",373,370931.377108651,7240648.7625778,"11"
"1843",437,346237.843786691,7339464.59461427,"11"
"1844",160,364881.866256153,7327775.65792659,"11"
"1845",310,361726.593267259,7312393.38828457,"11"
"1846",809,377825.150768547,7307315.8665784,"11"
"1847",738,384807.811306321,7292504.40081173,"11"
"1848",189,322590.721567624,7383637.18395126,"11"
"1849",668,319908.619170189,7365834.32938677,"11"
"1850",242,326471.06495436,7379924.85436329,"11"
"1851",82,361206.410458507,7377675.66146432,"11"
"1852",90,362586.309375961,7374786.97729949,"11"
"1853",432,347768.873587253,7379913.67174569,"11"
"1854",129,352927.182579971,7372517.96130362,"11"
"1855",407,315345.56017794,7350178.81763774,"11"
"1856",41,311837.746641061,7342412.87580294,"11"
"1857",45,316742.222818547,7344058.09232683,"11"
"1858",253,324577.656456238,7345359.13219656,"11"
"1859",790,343051.712696514,7350712.37139931,"11"
"1860",182,346215.664585769,7344494.42476533,"11"
"1861",394,364623.298013884,7349048.23002395,"11"
"1862",66,365253.563222557,7358568.10250053,"11"
"1863",420,347310.482679814,7430170.60103546,"11"
"1864",162,322721.939164961,7427714.28226097,"11"
"1865",313,309812.434833209,7431590.37874641,"11"
"1866",523,302241.901008731,7405320.83695545,"11"
"1867",260,311946.714636384,7403838.39624181,"11"
"1868",358,329332.439361572,7423694.14014788,"11"
"1869",33,337183.788583527,7405772.90765911,"11"
"1870",182,338380.3949411,7398213.00164722,"11"
"1871",128,339292.013815742,7395060.1863839,"11"
"1872",354,344069.578513246,7398155.07836737,"11"
"1873",523,340536.063065039,7398085.1166415,"11"
"1874",135,347846.21299736,7403340.0291541,"11"
"1875",67,310075.342957825,7525886.73489706,"12"
"1876",72,312029.923322793,7525599.68490811,"12"
"1877",145,321272.106381932,7524507.93830357,"12"
"1878",24,311483.296266981,7515995.05919941,"12"
"1879",102,312095.77836644,7512034.35939562,"12"
"1880",85,311751.48473913,7498834.9479546,"12"
"1881",269,295190.580356053,7509105.25731453,"12"
"1882",241,298089.250857836,7489222.77073912,"12"
"1883",124,333945.968816846,7484919.43193508,"12"
"1884",214,322491.362957484,7477521.02623879,"12"
"1885",208,326524.743349856,7467854.00633073,"12"
"1886",343,297811.19476974,7468392.3999275,"12"
"1887",155,294200.344647133,7458305.78981667,"12"
"1888",164,290368.469124092,7453704.23387692,"12"
"1889",194,328024.876047319,7458399.71490003,"12"
"1890",374,332056.992926754,7465549.24709468,"12"
"1891",302,331211.604980959,7445201.43895143,"12"
"1892",442,350854.110129498,7435382.94328724,"12"
"1893",197,390870.449074518,7217191.22828484,"12"
"1894",106,392999.448926036,7213046.13389607,"12"
"1895",160,394143.641930268,7195634.95129565,"12"
"1896",261,386728.925387875,7193342.51572195,"12"
"1897",687,391816.646470799,7204658.0640514,"12"
"1898",214,388046.948639186,7203524.55992642,"12"
"1899",120,380608.879298036,7210279.12056663,"12"
"1900",206,369732.906555735,7213692.05175479,"12"
"1901",138,329171.156583582,7234371.8980927,"12"
"1902",66,370009.575787262,7206225.62417944,"12"
"1903",70,367505.528904065,7204306.32454363,"12"
"1904",355,335211.211467307,7219752.26872127,"12"
"1905",358,321057.596212475,7220775.34064923,"12"
"1906",125,322971.245522538,7212696.13644516,"12"
"1907",263,324622.433535127,7210750.68605339,"12"
"1908",19,350519.050761077,7211141.30566998,"12"
"1909",188,351750.225602994,7214635.19357258,"12"
"1910",91,361525.956789219,7187168.66541236,"12"
"1911",60,358745.034609033,7190249.07683278,"12"
"1912",133,355740.134442669,7189740.21471698,"12"
"1913",605,329511.620001951,7198113.73843388,"12"
"1914",124,336919.303374539,7176337.95438259,"12"
"1915",348,345391.835681952,7179163.04339476,"12"
"1916",108,348976.343300869,7180755.00226409,"12"
"1917",442,359885.829329838,7334144.03917624,"12"
"1918",251,377895.310784714,7299083.63154055,"12"
"1919",308,343248.952696857,7298122.48008353,"12"
"1920",176,357578.794796073,7297951.63661503,"12"
"1921",513,374984.427339893,7312234.39342456,"12"
"1922",663,379864.366885547,7322446.08121406,"12"
"1923",301,383013.526729373,7336841.03210259,"12"
"1924",475,346519.298397979,7282169.10968469,"12"
"1925",228,365774.177331407,7288373.56537895,"12"
"1926",277,393180.640333858,7292094.1922739,"12"
"1927",263,393170.290377511,7289033.90048596,"12"
"1928",174,367045.739298747,7249030.99430028,"12"
"1929",23,377657.290384091,7234135.06998297,"12"
"1930",459,377695.639953872,7246474.15547803,"12"
"1931",602,382750.444061085,7246667.82218955,"12"
"1932",371,377208.250670185,7250962.69942319,"12"
"1933",384,376193.324393644,7252876.72564243,"12"
"1934",83,392667.29055866,7269568.42869291,"12"
"1935",940,393802.405905216,7230509.04765728,"12"
"1936",11,388154.029511775,7224364.08040599,"12"
"1937",3,300793.137630188,7434849.36711503,"12"
"1938",168,297898.13757772,7432773.95181626,"12"
"1939",98,300550.286231256,7431874.47374517,"12"
"1940",185,298065.255356227,7429740.10881201,"12"
"1941",89,294714.153552263,7425939.26523224,"12"
"1942",84,298644.438533022,7415757.36282794,"12"
"1943",22,312213.53588568,7413829.78068395,"12"
"1944",45,313273.406987381,7419326.61864887,"12"
"1945",83,315493.534835415,7420997.05014628,"12"
"1946",137,315126.057949573,7428179.65780698,"12"
"1947",197,327034.93634001,7403837.89812605,"12"
"1948",262,330437.766282273,7403036.38056555,"12"
"1949",71,322673.260732893,7399821.10447259,"12"
"1950",355,346473.308576757,7398168.72227084,"12"
"1951",487,347681.307710023,7401919.573038,"12"
"1952",414,345182.050839046,7426809.08161041,"12"
"1953",257,348654.566260386,7420048.83230637,"12"
"1954",306,341829.979743395,7438032.5447739,"12"
"1955",87,307677.86282661,7389700.31423741,"12"
"1956",121,315011.551441083,7393835.59598749,"12"
"1957",33,308256.628922726,7394032.28236806,"12"
"1958",57,358414.872367087,7393651.96091456,"12"
"1959",48,317319.69916967,7377030.56445595,"12"
"1960",146,328302.20958744,7376706.39495248,"12"
"1961",179,361966.29275801,7383245.24474892,"12"
"1962",399,358089.63719246,7380080.27972979,"12"
"1963",124,351191.438779645,7371621.8300907,"12"
"1964",60,361078.880464116,7362314.07425729,"12"
"1965",650,342674.541393859,7350870.8489878,"12"
"1966",512,316013.1085047,7348963.43053798,"12"
"1967",108,322561.018634949,7361264.12784414,"12"
"1968",275,362894.292818753,7345998.71248372,"12"
"1969",294,329799.172077564,7367069.38243147,"12"
"1970",24,325720.1037766,7440706.61690287,"13"
"1971",10,347929.945698022,7438180.90235128,"13"
"1972",80,301955.626043814,7528330.82484631,"13"
"1973",57,301613.092416241,7522091.00535131,"13"
"1974",92,311003.003165171,7525674.95106951,"13"
"1975",114,289383.886906546,7490084.62368791,"13"
"1976",92,289403.001669435,7488700.30460012,"13"
"1977",49,287706.803460769,7487990.0217343,"13"
"1978",72,285781.588685887,7487497.856074,"13"
"1979",36,326428.099913913,7490551.00626032,"13"
"1980",34,324235.494723602,7494446.26805561,"13"
"1981",113,300118.999049693,7471765.22729009,"13"
"1982",109,297352.971154915,7470576.49797536,"13"
"1983",109,298691.164179559,7466440.74324832,"13"
"1984",42,331351.865381512,7470993.76498254,"13"
"1985",60,312855.526189916,7462015.5423881,"13"
"1986",84,290237.467541323,7459635.17554475,"13"
"1987",64,290462.400040106,7458951.53426239,"13"
"1988",45,294330.249625795,7457387.68457393,"13"
"1989",69,297754.234950778,7456736.29858988,"13"
"1990",67,305988.168393994,7448083.62738863,"13"
"1991",70,311749.943589965,7447924.5644269,"13"
"1992",43,308023.045622212,7438872.40158877,"13"
"1993",84,311219.558503735,7439610.98112084,"13"
"1994",79,313105.807736337,7441938.49239547,"13"
"1995",117,316311.731247772,7441978.26211092,"13"
"1996",275,320969.599803466,7444803.64225216,"13"
"1997",161,320571.784256532,7442949.2962838,"13"
"1998",80,343938.852455084,7452679.87297191,"13"
"1999",78,343948.527444088,7451749.76217358,"13"
"2000",199,347292.773308489,7438406.94364544,"13"
"2001",273,348366.94734994,7437498.77000475,"13"
"2002",155,349011.130572993,7436575.10179692,"13"
"2003",91,350515.011441632,7435671.13687639,"13"
"2004",11,298870.42020301,7421903.93603876,"13"
"2005",7,309153.323685072,7417886.4118846,"13"
"2006",12,311227.393771325,7422066.61824989,"13"
"2007",11,313735.239429769,7426030.35121743,"13"
"2008",32,315738.623372937,7525034.27679281,"13"
"2009",5,316185.443550114,7522968.6491157,"13"
"2010",22,323074.753001454,7521199.53599392,"13"
"2011",11,291530.769679155,7506041.97889302,"13"
"2012",15,303184.867047815,7483113.92682242,"13"
"2013",7,306942.936983884,7490549.49330391,"13"
"2014",20,326180.81092764,7493316.78250491,"13"
"2015",21,325762.316993101,7492160.27997959,"13"
"2016",13,285974.665527856,7489117.79788787,"13"
"2017",22,286631.821343176,7488429.16389616,"13"
"2018",16,295571.450185572,7476323.36475944,"13"
"2019",15,292272.137135176,7466819.01700293,"13"
"2020",13,288534.377036114,7458924.56599469,"13"
"2021",21,291535.40310314,7458501.20468303,"13"
"2022",33,293453.917940225,7459214.42495916,"13"
"2023",21,295149.981794963,7459702.82545639,"13"
"2024",23,295406.170215121,7456704.52830918,"13"
"2025",31,308854.755566468,7474192.8900591,"13"
"2026",30,316973.269347603,7475212.38214118,"13"
"2027",36,335555.834964096,7477961.35260429,"13"
"2028",17,287989.802370151,7452447.81082966,"13"
"2029",34,288706.730407164,7446686.67586583,"13"
"2030",54,288996.799340078,7441384.73892204,"13"
"2031",8,292023.212974514,7438890.52388235,"13"
"2032",13,290974.228805237,7437723.82878808,"13"
"2033",20,294175.772363593,7437303.13099642,"13"
"2034",7,303296.247077613,7441579.9238509,"13"
"2035",12,315771.986082747,7433432.26287625,"13"
"2036",23,317042.989719272,7434145.70996753,"13"
"2037",23,314179.539075026,7424872.94956018,"13"
"2038",18,308972.059436468,7431962.00639231,"13"
"2039",39,318379.030071293,7429543.5422734,"13"
"2040",12,318213.952898401,7426307.42748593,"13"
"2041",10,318644.688507952,7425393.4184722,"13"
"2042",9,318658.77619116,7424241.71940492,"13"
"2043",16,323686.125689579,7431689.63478542,"13"
"2044",25,338991.060852325,7436237.63317399,"13"
"2045",31,307877.918765725,7417648.36129356,"13"
"2046",11,308101.727835415,7416953.45407607,"13"
"2047",27,298970.739964633,7414528.02138162,"13"
"2048",5,302536.533850307,7402568.80099425,"13"
"2049",19,304503.164895177,7399139.13009813,"13"
"2050",16,329668.351203056,7394147.91822238,"13"
"2051",12,321974.665784716,7414823.38530318,"13"
"2052",19,336974.670922017,7406457.95061063,"13"
"2053",14,338044.928585708,7405772.05867686,"13"
"2054",22,339211.109182694,7396326.92142662,"13"
"2055",33,327799.537952766,7354662.80879853,"13"
"2056",25,372106.639045981,7357206.83240691,"13"
"2057",53,293784.579595266,7435226.30933381,"13"
"2058",81,296211.549082633,7429255.99018904,"13"
"2059",102,303454.564085426,7429586.19275696,"13"
"2060",161,309783.287643259,7434974.02788471,"13"
"2061",41,313508.82139596,7426946.81185289,"13"
"2062",66,313322.936397186,7424640.66868535,"13"
"2063",208,316920.649622741,7427454.47824271,"13"
"2064",274,333006.986382117,7437556.10063432,"13"
"2065",100,340871.414520047,7440410.69233369,"13"
"2066",757,337294.037394914,7435997.70669704,"13"
"2067",343,339383.706778485,7439708.14799047,"13"
"2068",26,340957.604774685,7432338.4416792,"13"
"2069",62,346903.028249669,7434482.74928421,"13"
"2070",94,347773.917185756,7432409.76756311,"13"
"2071",35,349903.556341515,7433361.61955245,"13"
"2072",459,344814.8238087,7430540.87425867,"13"
"2073",227,344213.690681461,7426381.74284312,"13"
"2074",42,350006.173602046,7423207.83123737,"13"
"2075",40,303432.727331918,7415042.26266683,"13"
"2076",83,301159.695114612,7409938.5903398,"13"
"2077",107,332494.0153323,7407791.99518626,"13"
"2078",43,339476.178266131,7411325.13058066,"13"
"2079",81,343994.194242642,7407453.26944772,"13"
"2080",41,347606.34784404,7407956.2476846,"13"
"2081",149,351127.959589822,7417449.58625231,"13"
"2082",519,334312.792440403,7360277.1583383,"13"
"2083",411,351185.170788976,7369697.49549167,"13"
"2084",464,353735.212522598,7369490.91808997,"13"
"2085",160,365715.583082701,7383216.86786867,"13"
"2086",313,358699.973003104,7361001.87710781,"13"
"2087",379,323898.001951966,7344004.37740366,"13"
"2088",244,332708.480779181,7351951.76881839,"13"
"2089",698,358250.789975686,7342536.12420546,"13"
"2090",409,370133.10800258,7341264.61319055,"13"
"2091",266,370667.873813048,7351889.53280007,"13"
"2092",131,371039.556816547,7358116.45289831,"13"
"2093",72,374871.815217228,7356533.47737867,"13"
"2094",40,376656.94527282,7345475.07756924,"13"
"2095",33,383260.49556106,7341610.33267118,"13"
"2096",7,383249.202175443,7342994.44849847,"13"
"2097",18,346619.277192043,7300650.23024553,"13"
"2098",8,370947.705544374,7297671.81421754,"13"
"2099",9,372200.339668296,7299300.17605556,"13"
"2100",11,370694.454799088,7302055.0824203,"13"
"2101",24,394715.433058267,7311014.67240697,"13"
"2102",21,396256.415232703,7302953.37469372,"13"
"2103",8,395431.766530268,7300643.9281105,"13"
"2104",4,384677.260709506,7297558.71971359,"13"
"2105",15,375435.569160909,7292407.60321454,"13"
"2106",21,391926.326998231,7344214.22554835,"13"
"2107",10,376003.060509274,7252720.22009376,"13"
"2108",18,377846.968153553,7234052.79319635,"13"
"2109",12,388876.878676781,7223071.86321819,"13"
"2110",95,361601.303340688,7324339.98654157,"13"
"2111",330,365632.642192216,7323459.50835888,"13"
"2112",77,368372.475951067,7324869.49199508,"13"
"2113",133,364283.715152138,7331752.65948054,"13"
"2114",132,349148.39601894,7321222.79681709,"13"
"2115",518,356345.091718598,7300752.95926977,"13"
"2116",147,366915.305387232,7322087.26727314,"13"
"2117",111,370330.734604189,7319582.84069424,"13"
"2118",123,378346.850964646,7296807.60914742,"13"
"2119",447,352941.581379957,7282952.41832749,"13"
"2120",270,362710.666516968,7276362.40877247,"13"
"2121",69,384086.850918348,7292935.88976925,"13"
"2122",43,367286.974576079,7260491.56344248,"13"
"2123",605,369010.722860453,7256808.82445242,"13"
"2124",394,387587.332699102,7251202.66265376,"13"
"2125",450,381999.733903541,7240546.05733787,"13"
"2126",378,393725.000996842,7220795.91314585,"13"
"2127",486,397696.583666712,7223595.05618542,"13"
"2128",22,372244.297919718,7226614.15954578,"13"
"2129",19,357226.865179236,7235924.33465955,"13"
"2130",2,354917.413822809,7234748.11075168,"13"
"2131",6,342313.750267974,7233456.64098576,"13"
"2132",26,340453.267575779,7231131.01952554,"13"
"2133",18,340944.483658113,7189363.85574397,"13"
"2134",5,367340.011008053,7190802.45685534,"13"
"2135",29,350463.389266828,7181165.26311314,"13"
"2136",15,372733.78153693,7197079.40094405,"13"
"2137",26,400019.256918794,7193156.38124832,"13"
"2138",879,393882.313525243,7200729.13277108,"13"
"2139",34,396910.838080027,7187827.87707234,"13"
"2140",90,386586.174394945,7195597.19004622,"13"
"2141",90,387436.895476628,7193754.71826068,"13"
"2142",172,374234.057472908,7192718.45494671,"13"
"2143",435,361866.023437672,7192818.62933781,"13"
"2144",130,363162.012617899,7209911.73940304,"13"
"2145",115,349144.351313377,7186689.13890945,"13"
"2146",232,345048.445479273,7179021.08196276,"13"
"2147",72,331355.995841092,7185325.1733337,"13"
"2148",446,326349.632830217,7199109.3608599,"13"
"2149",159,320835.447973981,7235496.35498943,"13"
"2150",173,321482.999622973,7218433.21881775,"13"
"2151",60,338327.032948331,7233410.08705434,"13"
"2152",28,320070.692138024,7521851.49149449,"14"
"2153",2,319859.884627761,7521383.91655074,"14"
"2154",3,320081.381427242,7520932.44681679,"14"
"2155",7,320084.086543162,7520699.91730493,"14"
"2156",26,306467.299508027,7477850.79894921,"14"
"2157",27,313554.958825105,7475170.7160723,"14"
"2158",50,321438.496432484,7441575.26690621,"14"
"2159",121,314226.789919027,7525702.85083298,"14"
"2160",68,315752.452495403,7523871.61489307,"14"
"2161",86,322634.224812759,7522800.24579608,"14"
"2162",84,310004.559693532,7520579.36640977,"14"
"2163",43,305532.666086337,7517522.39174585,"14"
"2164",117,294495.121326624,7492923.39874035,"14"
"2165",84,314361.242518408,7496633.13100843,"14"
"2166",58,313309.046283488,7495235.94647056,"14"
"2167",146,309693.346282311,7493341.7989234,"14"
"2168",441,337978.313331341,7471298.74338812,"14"
"2169",360,333780.639111263,7464785.83578101,"14"
"2170",241,323696.302872498,7449908.42851015,"14"
"2171",74,346390.784450984,7443469.55891012,"14"
"2172",176,348967.678989247,7441879.04422273,"14"
"2173",153,348962.976415637,7442344.09753809,"14"
"2174",395,293783.625244377,7466607.12269431,"14"
"2175",290,291494.600075317,7462189.2516752,"14"
"2176",131,310978.314908398,7458746.9403717,"14"
"2177",212,293885.042611108,7443524.40193596,"14"
"2178",13,296060.094589092,7424634.77607166,"14"
"2179",60,351910.048123149,7361620.3941853,"14"
"2180",42,368345.734013481,7350938.21268135,"14"
"2181",172,294044.353047539,7431995.38867863,"14"
"2182",300,336371.862044651,7423052.43110747,"14"
"2183",243,323071.249343275,7412056.59810045,"14"
"2184",670,330769.114905812,7409378.16709246,"14"
"2185",452,347487.233272818,7419483.33728661,"14"
"2186",239,343850.725589451,7400762.69649243,"14"
"2187",169,324670.765392718,7403082.34207835,"14"
"2188",61,323566.353244437,7388759.19318615,"14"
"2189",70,342902.601799325,7390131.8876754,"14"
"2190",110,345677.983877751,7389242.27916402,"14"
"2191",116,362950.504879542,7361729.4957311,"14"
"2192",266,353291.342429613,7351024.88257564,"14"
"2193",54,364756.116391301,7349520.56673355,"14"
"2194",294,352278.029667418,7346628.82990918,"14"
"2195",126,316428.199202497,7348053.3291988,"14"
"2196",215,318136.452841014,7347388.32751965,"14"
"2197",418,377542.103186263,7317099.91893123,"14"
"2198",145,385352.781650234,7319247.22034504,"14"
"2199",690,361889.941461372,7317653.59231914,"14"
"2200",323,361160.037554311,7326871.81117314,"14"
"2201",134,354226.130728236,7301650.41495392,"14"
"2202",179,343855.84400494,7283773.05485227,"14"
"2203",220,350171.972320366,7285226.74872438,"14"
"2204",151,388094.784010354,7293655.06319761,"14"
"2205",97,362284.206677125,7277510.03992723,"14"
"2206",85,382828.842499632,7267775.20390411,"14"
"2207",294,378636.44428492,7264737.85874596,"14"
"2208",172,378670.816627161,7260817.63867463,"14"
"2209",254,365358.022101696,7264382.56127725,"14"
"2210",86,387101.31279111,7259969.84237401,"14"
"2211",345,380835.80551903,7253682.07375579,"14"
"2212",286,368686.411777573,7247347.2812845,"14"
"2213",514,387015.814941921,7244508.80734632,"14"
"2214",101,389009.916440287,7232752.49786532,"14"
"2215",133,389073.664354767,7224911.92639903,"14"
"2216",5,387661.70193224,7192139.56953374,"14"
"2217",31,361748.545754581,7226046.57986177,"14"
"2218",44,346890.756721012,7183196.36535064,"14"
"2219",42,346265.281321736,7182491.31876387,"14"
"2220",305,377912.801472029,7227817.93808387,"14"
"2221",136,383611.529275228,7224401.2022358,"14"
"2222",222,390384.52427055,7218687.29174821,"14"
"2223",588,393289.291157127,7196792.74252691,"14"
"2224",390,385991.629824032,7192125.51078646,"14"
"2225",112,368317.37063895,7198886.68884214,"14"
"2226",80,320315.753147547,7227413.4870441,"14"
"2227",142,322212.545147177,7227438.33961606,"14"
"2228",156,341416.533401327,7221206.02764195,"14"
"2229",173,322426.784403652,7211045.22609854,"14"
"2230",45,323078.622879881,7208982.09059012,"14"
"2231",54,324978.83510389,7208541.49953871,"14"
"2232",89,340789.12048331,7202511.14408705,"14"
"2233",173,345059.940798319,7196324.2835103,"14"
"2234",95,334568.975816616,7196432.14437997,"14"
"2235",271,334842.634838397,7191361.79428538,"14"
"2236",40,341369.888140763,7189125.17810833,"14"
"2237",116,329641.367663871,7188062.01022312,"14"
"2238",94,343860.66966369,7191236.94584621,"14"
"2239",47,336703.469976723,7193921.36465354,"14"
"2240",51,345374.787230309,7187333.02604403,"14"
"2241",119,351869.92305694,7187638.91579295,"14"
"2242",69,349602.803536898,7184379.12912532,"14"
"2243",67,335187.242485545,7180520.60282593,"14"
"2244",301,335195.837488443,7179822.78569401,"14"
"2245",15,373115.238599439,7201469.10527999,"15"
"2246",28,332174.920766351,7203558.93322043,"15"
"2247",34,339307.779974828,7186563.84280123,"15"
"2248",42,348387.549571686,7180676.65946406,"15"
"2249",132,362646.309130046,7220052.37930507,"15"
"2250",455,389152.682431971,7215221.85503876,"15"
"2251",369,395156.863322193,7198656.96629334,"15"
"2252",41,397093.250416692,7192901.73241284,"15"
"2253",156,374671.140058882,7192246.26518732,"15"
"2254",193,371508.771260823,7193600.93789729,"15"
"2255",148,362080.345734608,7193507.57810913,"15"
"2256",64,321626.859679618,7208265.09513578,"15"
"2257",490,327862.174201465,7196580.74498264,"15"
"2258",101,332621.895017376,7184643.10736936,"15"
"2259",236,343379.770858339,7179001.64452158,"15"
"2260",73,350012.499988625,7184616.34347816,"15"
"2261",191,349984.130879454,7187152.72381852,"15"
"2262",70,336820.560696174,7236150.43532057,"15"
"2263",175,326243.169011568,7224720.77625284,"15"
"2264",106,328669.514450036,7215512.49943203,"15"
"2265",43,318978.249816343,7523688.16899716,"15"
"2266",38,320919.902580436,7522326.46275239,"15"
"2267",10,318757.868350034,7451466.52365321,"15"
"2268",27,343990.009564994,7448749.14803092,"15"
"2269",38,296162.888646851,7512096.2165943,"15"
"2270",50,316839.802547525,7522500.20175189,"15"
"2271",68,316650.976089934,7502895.85747963,"15"
"2272",110,301574.127251429,7491632.51150782,"15"
"2273",90,293919.401900262,7487598.99463552,"15"
"2274",35,305069.315782894,7469980.12539077,"15"
"2275",216,308955.537139144,7467028.21256901,"15"
"2276",153,320388.157541823,7476405.02649772,"15"
"2277",280,333471.198434194,7473320.68338138,"15"
"2278",292,320397.798863042,7457477.92731202,"15"
"2279",223,288227.902863446,7450833.89384735,"15"
"2280",255,288723.543660745,7446221.66701789,"15"
"2281",188,305604.137443585,7445298.52579328,"15"
"2282",811,342989.872758301,7442503.99116701,"15"
"2283",179,298499.01990935,7433441.0106584,"15"
"2284",77,317144.128270966,7426759.46120109,"15"
"2285",352,326707.173678794,7428945.28619086,"15"
"2286",571,343174.693956678,7424975.4291804,"15"
"2287",285,307539.962900836,7411407.89654769,"15"
"2288",81,321161.577651518,7394267.92268807,"15"
"2289",283,335475.236503227,7408047.12600083,"15"
"2290",307,340248.024104738,7399561.05302628,"15"
"2291",318,336906.434535697,7394219.32170035,"15"
"2292",192,354199.215998815,7387247.90206883,"15"
"2293",96,356486.516682647,7371589.37340424,"15"
"2294",127,354823.775219814,7367652.43037377,"15"
"2295",133,324364.992126888,7340775.78143804,"15"
"2296",217,330667.580769018,7345459.45781893,"15"
"2297",70,331571.584130654,7358628.32748203,"15"
"2298",530,346559.936122837,7346568.76625722,"15"
"2299",262,364751.838666562,7349974.57377004,"15"
"2300",62,373037.39705302,7348665.99664522,"15"
"2301",20,348484.294497689,7324438.67439184,"15"
"2302",584,359024.146470332,7307702.07523456,"15"
"2303",583,362903.230681637,7300120.70140227,"15"
"2304",309,376291.138934915,7315018.15058611,"15"
"2305",441,345929.716209194,7287717.0297274,"15"
"2306",485,364550.03911304,7261151.70683854,"15"
"2307",186,378272.560472859,7257812.81855445,"15"
"2308",483,388869.377707665,7223991.03238085,"15"
"2309",92,318332.229483353,7523448.0413244,"16"
"2310",27,321587.231529032,7520717.33173402,"16"
"2311",41,305363.007343826,7513832.18625104,"16"
"2312",204,321875.681002395,7513566.67330397,"16"
"2313",53,295370.143371738,7507467.01780494,"16"
"2314",495,294007.495701464,7497070.4365645,"16"
"2315",254,289422.914452443,7488002.74901692,"16"
"2316",272,299691.732366493,7488606.34006537,"16"
"2317",65,315397.982067571,7482336.75363934,"16"
"2318",552,326854.501268407,7491009.89885052,"16"
"2319",113,292241.291089164,7469809.31691087,"16"
"2320",131,294550.690141058,7472842.61922724,"16"
"2321",43,295624.488224726,7472391.9394742,"16"
"2322",160,298439.87677172,7469893.21217365,"16"
"2323",198,306783.089551311,7470002.1202778,"16"
"2324",494,324708.109760559,7454538.55917555,"16"
"2325",76,339114.392451116,7464843.66108162,"16"
"2326",346,328371.160013277,7451579.60731598,"16"
"2327",162,343765.261383134,7449665.94719165,"16"
"2328",131,288051.813388587,7448062.08240027,"16"
"2329",148,294877.788237097,7448843.88348512,"16"
"2330",369,306678.520662073,7444625.72849768,"16"
"2331",548,316092.705145097,7443127.42930953,"16"
"2332",614,344936.123059675,7439534.32777123,"16"
"2333",238,347949.671149202,7437250.89274315,"16"
"2334",57,334911.82796014,7420046.03043168,"16"
"2335",412,319051.969193951,7427236.95043006,"16"
"2336",662,341590.13561413,7433496.92126033,"16"
"2337",10,337824.781259998,7426767.33193158,"16"
"2338",551,346110.86090453,7428926.45344856,"16"
"2339",350,348970.797599421,7420417.71313885,"16"
"2340",648,309686.980029372,7409818.6162268,"16"
"2341",170,303363.842338745,7404883.89933067,"16"
"2342",61,321249.394017402,7404658.16855691,"16"
"2343",223,328319.327671342,7400356.58395327,"16"
"2344",593,315053.552457416,7389573.15225563,"16"
"2345",131,309464.531631036,7393887.66130665,"16"
"2346",126,315505.453864833,7387740.19281292,"16"
"2347",448,322967.224681757,7385982.95352897,"16"
"2348",400,340707.027629255,7396797.33939929,"16"
"2349",301,343575.217248816,7387370.40559235,"16"
"2350",118,361919.123234474,7380180.29890502,"16"
"2351",127,346348.394303315,7366402.00844714,"16"
"2352",321,349524.82347883,7366667.99068567,"16"
"2353",319,341984.231647914,7357361.86156715,"16"
"2354",144,350303.637927962,7373143.71500699,"16"
"2355",464,355849.05147454,7371117.91850151,"16"
"2356",117,356316.020440618,7367202.2032063,"16"
"2357",308,320631.557847426,7351340.86592638,"16"
"2358",464,357633.94216593,7341145.65649668,"16"
"2359",186,359269.762564471,7368382.97944048,"16"
"2360",18,371568.279124108,7346814.6269467,"16"
"2361",282,367349.209974149,7344240.2010572,"16"
"2362",111,366547.994332288,7339614.75223807,"16"
"2363",168,344144.625831573,7334769.52989391,"16"
"2364",24,348837.418681207,7331364.54125811,"16"
"2365",708,363644.785438253,7332665.75065044,"16"
"2366",53,358620.0126812,7326846.77704684,"16"
"2367",174,359717.685649508,7322704.56775434,"16"
"2368",172,357201.58444166,7320375.86186198,"16"
"2369",132,348806.011121089,7314285.88403059,"16"
"2370",139,379910.771558729,7337197.36482382,"16"
"2371",384,373979.465324713,7337600.2818156,"16"
"2372",300,346839.862846225,7300885.22734757,"16"
"2373",677,344560.730566737,7296939.32253432,"16"
"2374",468,370306.424161435,7299039.17870567,"16"
"2375",137,371818.373533021,7295597.73798868,"16"
"2376",276,378456.437419423,7309953.84102116,"16"
"2377",228,381286.087771267,7300520.52505454,"16"
"2378",340,391272.459056151,7292993.4799954,"16"
"2379",106,375585.845554268,7275553.16254972,"16"
"2380",314,377531.532236319,7270730.72738607,"16"
"2381",311,364346.037408496,7238765.70988458,"16"
"2382",2,359517.174738516,7238019.26398268,"16"
"2383",75,383723.12475261,7286698.0162851,"16"
"2384",255,392090.293645265,7268536.96821057,"16"
"2385",220,386516.218831269,7254881.76990425,"16"
"2386",580,387156.687907844,7227432.38105599,"16"
"2387",181,324714.227007388,7229077.03159016,"16"
"2388",25,340404.925487022,7235273.29361969,"16"
"2389",155,343034.55144865,7226076.56216986,"16"
"2390",286,350905.431822348,7217624.75295174,"16"
"2391",172,326446.819830964,7208793.04346591,"16"
"2392",278,324591.586345327,7205766.89722403,"16"
"2393",164,331981.014876916,7186019.87078945,"16"
"2394",27,343572.785560969,7179690.72115924,"16"
"2395",161,347318.808127754,7181816.56747879,"16"
"2396",466,375775.187786699,7231021.60913985,"16"
"2397",499,388291.536670433,7218216.16790447,"16"
"2398",46,355965.093518471,7235911.11538948,"16"
"2399",35,363602.607421729,7187298.06789387,"16"
"2400",94,372744.664782694,7195927.59143867,"16"
"2401",232,387239.557149978,7193287.89293123,"16"
"2402",122,395165.823206906,7197505.21621678,"16"
"2403",61,397547.991297592,7187367.5956369,"16"
"2404",246,321149.571079501,7521166.32143779,"17"
"2405",93,319657.097403095,7520229.82065426,"17"
"2406",124,310797.152687228,7525661.36481415,"17"
"2407",64,308954.831397316,7518030.25625226,"17"
"2408",495,311709.132834077,7503290.08233339,"17"
"2409",33,300060.946544877,7509145.78702134,"17"
"2410",54,293926.946788937,7503061.58669048,"17"
"2411",389,298048.365268882,7499428.09506784,"17"
"2412",112,300828.830540885,7499929.67800571,"17"
"2413",55,301898.216862202,7499943.54052885,"17"
"2414",79,291703.522430136,7493339.72363514,"17"
"2415",265,292404.393565705,7489428.20418046,"17"
"2416",444,300611.116952001,7483534.520187,"17"
"2417",332,302311.354631242,7484719.67846173,"17"
"2418",204,316759.667368942,7475896.45857889,"17"
"2419",71,289865.406352526,7456162.86777238,"17"
"2420",88,291770.077284595,7457108.76107729,"17"
"2421",42,334774.271587179,7471485.57398625,"17"
"2422",98,335035.089840079,7467335.60260901,"17"
"2423",11,336117.04737622,7465963.11210349,"17"
"2424",67,334910.621481568,7459028.54149039,"17"
"2425",525,335153.737827728,7456495.18598098,"17"
"2426",465,295463.624102822,7453238.29579673,"17"
"2427",198,295074.073849144,7450231.17223522,"17"
"2428",447,307070.255136166,7447621.33423962,"17"
"2429",386,318362.888567842,7449379.57782012,"17"
"2430",47,335444.76651006,7448657.71414604,"17"
"2431",272,339522.069184077,7446852.55310932,"17"
"2432",308,345366.186049214,7439538.79131274,"17"
"2433",192,348338.915166517,7440255.88675784,"17"
"2434",41,348783.022300012,7438876.15911549,"17"
"2435",191,349859.471881536,7437735.35469931,"17"
"2436",386,351372.686215609,7435901.19600383,"17"
"2437",421,332157.17061919,7437546.5566991,"17"
"2438",45,335527.928557874,7422589.01952148,"17"
"2439",390,344733.038756881,7417837.82519248,"17"
"2440",291,329917.972215155,7428295.75314146,"17"
"2441",99,291889.388138238,7433804.21668732,"17"
"2442",160,296609.886815987,7431565.46129577,"17"
"2443",24,303425.52627112,7400276.72602759,"17"
"2444",238,310348.993896118,7391827.82637078,"17"
"2445",548,312765.451900345,7402470.18322643,"17"
"2446",116,321333.681408405,7397736.78798556,"17"
"2447",339,327990.995999912,7410962.98074906,"17"
"2448",203,329751.66314024,7405445.7873291,"17"
"2449",375,311687.570145026,7386993.59002554,"17"
"2450",62,315941.326449623,7386361.15306795,"17"
"2451",417,328264.10831886,7387663.35486701,"17"
"2452",454,343375.811132948,7385983.9102215,"17"
"2453",340,339901.329315445,7373486.66011649,"17"
"2454",79,362118.058646867,7381787.92013815,"17"
"2455",708,350948.203842519,7372917.78821389,"17"
"2456",477,354968.472698683,7374575.43549025,"17"
"2457",125,352903.577606201,7368087.0896168,"17"
"2458",185,352725.616652543,7365549.18418837,"17"
"2459",419,321340.188114663,7345124.66381791,"17"
"2460",184,337135.494323133,7354771.53455392,"17"
"2461",421,357539.963542216,7350602.5184934,"17"
"2462",530,347168.696548134,7348646.32817662,"17"
"2463",55,367430.954664399,7358537.73265402,"17"
"2464",289,351337.462819303,7335311.46438963,"17"
"2465",239,355316.622149219,7318972.35491467,"17"
"2466",18,368891.517202777,7338019.59537381,"17"
"2467",460,372525.904889275,7334132.2366048,"17"
"2468",151,360680.304936319,7333323.71057946,"17"
"2469",59,359855.886898356,7330325.43655738,"17"
"2470",85,362823.347194529,7330354.3384683,"17"
"2471",572,364965.624499186,7327373.60300053,"17"
"2472",126,375440.507021306,7315929.85506503,"17"
"2473",197,376518.430838004,7313403.28795908,"17"
"2474",553,371489.612561644,7308286.3141432,"17"
"2475",211,367307.798246845,7304094.54271408,"17"
"2476",387,346091.693865566,7291418.2070437,"17"
"2477",264,392183.415303901,7311682.13875368,"17"
"2478",486,386001.584316582,7291799.87579109,"17"
"2479",120,364596.019920065,7278219.38033612,"17"
"2480",561,364231.530745801,7271991.47866626,"17"
"2481",57,360921.613906268,7265955.76502061,"17"
"2482",312,391466.592655308,7268078.05395545,"17"
"2483",333,365885.846024537,7253777.34488315,"17"
"2484",342,381857.19852116,7257157.30517082,"17"
"2485",236,383132.536749846,7255783.80493611,"17"
"2486",594,395204.030057095,7219888.17339641,"17"
"2487",14,401119.99673843,7214616.61496856,"17"
"2488",209,319972.344973945,7222091.33656308,"17"
"2489",15,321985.361679139,7212424.23998787,"17"
"2490",181,337091.04565026,7213544.67488685,"17"
"2491",134,343095.688183128,7220771.33259793,"17"
"2492",144,354095.481278264,7214425.00388275,"17"
"2493",29,339365.908644782,7234341.73412295,"17"
"2494",70,361440.812886224,7235502.44665412,"17"
"2495",41,371193.180028355,7226825.78499777,"17"
"2496",356,371952.559141328,7235139.66221996,"17"
"2497",217,392110.10720697,7213396.15109895,"17"
"2498",272,329384.483350686,7192445.76398616,"17"
"2499",172,335428.572050893,7195290.57240919,"17"
"2500",188,351503.78834676,7182550.42632425,"17"
"2501",8,344553.281445942,7186171.46992182,"17"
"2502",46,332240.011348273,7181403.4799099,"17"
"2503",132,397206.050393635,7205827.23872087,"17"
"2504",249,381989.407530678,7194162.14044087,"17"
"2505",275,387331.019523708,7206435.21799628,"17"
"2506",120,365883.589939684,7190555.39377981,"17"
"2507",54,362340.61189882,7187750.40036999,"17"
"2508",379,286374.919606544,7488297.10218839,"18"
"2509",92,293688.517612821,7504495.07433398,"18"
"2510",94,295445.668602231,7507970.53771615,"18"
"2511",84,301808.061360067,7510229.88324361,"18"
"2512",54,297460.182700953,7479900.95478987,"18"
"2513",61,313152.964377987,7509781.90652668,"18"
"2514",26,309962.419583868,7509889.62630686,"18"
"2515",41,311335.907626346,7513290.89529094,"18"
"2516",21,305267.062194522,7515433.60043094,"18"
"2517",39,305000.429401175,7527588.33344831,"18"
"2518",65,307864.115419359,7521800.33566024,"18"
"2519",43,313933.190642867,7523415.57886407,"18"
"2520",163,315181.630801355,7524379.76124242,"18"
"2521",200,312795.045101509,7519382.56513796,"18"
"2522",75,311618.178532552,7516757.95743097,"18"
"2523",16,315195.912373654,7517868.50226139,"18"
"2524",105,322141.628010833,7517381.27786722,"18"
"2525",145,331664.64675047,7498581.83808788,"18"
"2526",439,308776.045646424,7478715.9810108,"18"
"2527",248,318833.351965865,7475556.76982465,"18"
"2528",160,321414.116361019,7474400.37409017,"18"
"2529",58,321354.863879364,7472841.93115683,"18"
"2530",317,337044.56183129,7471564.38939196,"18"
"2531",93,319977.191411259,7471615.16826008,"18"
"2532",133,306238.170305582,7467879.00516202,"18"
"2533",347,335479.76774918,7465001.45895345,"18"
"2534",372,310251.24052688,7450043.3727729,"18"
"2535",287,299610.732581744,7442861.26767633,"18"
"2536",372,297480.869643351,7450521.65923402,"18"
"2537",35,317916.714290743,7428034.26645349,"18"
"2538",77,318843.773796933,7424453.04134788,"18"
"2539",244,323858.585004756,7423909.82110302,"18"
"2540",375,329348.265906608,7420249.94917448,"18"
"2541",15,313806.192974513,7408673.67493503,"18"
"2542",473,305094.027047857,7405158.69094213,"18"
"2543",20,304876.95071517,7402531.59671024,"18"
"2544",179,306000.600239517,7398933.76400343,"18"
"2545",562,313831.767110016,7402032.77442841,"18"
"2546",1128,343386.886692238,7426890.3776293,"18"
"2547",94,327302.798097553,7410862.16683963,"18"
"2548",953,339535.869490408,7397442.39618665,"18"
"2549",484,347851.07744089,7403740.17445485,"18"
"2550",128,358487.31737038,7395205.01172304,"18"
"2551",214,328676.89748071,7392028.46401149,"18"
"2552",301,317903.087610993,7396731.88068925,"18"
"2553",127,313610.031259659,7399192.10993056,"18"
"2554",27,314582.57672468,7400670.40620926,"18"
"2555",151,329177.560983354,7387229.42159191,"18"
"2556",18,326040.629797859,7383852.11111264,"18"
"2557",71,353486.019392028,7379278.04290629,"18"
"2558",222,347688.868874216,7376310.88566503,"18"
"2559",309,357734.130585811,7383012.31362289,"18"
"2560",237,362272.988873422,7383730.48135037,"18"
"2561",125,358621.316776232,7370024.53269073,"18"
"2562",43,353160.350241523,7375936.91748446,"18"
"2563",125,348455.635918211,7371976.52811136,"18"
"2564",186,348565.39779134,7372091.3851689,"18"
"2565",168,349117.866683391,7367254.14944746,"18"
"2566",93,360154.854181879,7361681.65394906,"18"
"2567",442,365066.257546705,7356004.97595782,"18"
"2568",877,356530.202430741,7345746.01371522,"18"
"2569",139,335423.030358759,7356879.92146834,"18"
"2570",694,340339.9276006,7360424.00643813,"18"
"2571",199,327726.70109762,7364034.40962217,"18"
"2572",292,334104.842312665,7365420.28902585,"18"
"2573",106,325062.158845667,7379314.35268644,"18"
"2574",107,314241.347231762,7379375.8352866,"18"
"2575",236,320659.390304145,7217664.11017313,"18"
"2576",107,320593.773305762,7213863.01890414,"18"
"2577",287,323964.670652734,7210131.23159312,"18"
"2578",86,330048.483773527,7196491.05342526,"18"
"2579",439,331272.78317471,7186045.09890477,"18"
"2580",57,334236.808713439,7181014.58378555,"18"
"2581",93,344064.025912205,7195321.40268634,"18"
"2582",26,348104.417287888,7180925.17442235,"18"
"2583",419,347320.774584249,7179917.19385068,"18"
"2584",88,340331.217168186,7218356.0671662,"18"
"2585",357,347231.013766256,7217278.58023794,"18"
"2586",86,339728.629169816,7225210.50739855,"18"
"2587",439,335118.578076518,7223426.67694948,"18"
"2588",134,327784.176721414,7220844.4223657,"18"
"2589",57,330986.933904361,7235956.06676884,"18"
"2590",159,366158.232782723,7193721.25436575,"18"
"2591",88,361228.023141783,7188268.84771807,"18"
"2592",122,369187.341788449,7201014.46424899,"18"
"2593",449,370685.412131541,7213194.8188655,"18"
"2594",49,381722.869320063,7194305.91377565,"18"
"2595",615,385639.958012536,7204180.03793827,"18"
"2596",422,392662.273485924,7209942.4628435,"18"
"2597",294,397603.619589807,7199008.72098448,"18"
"2598",587,399965.643249613,7205814.48204075,"18"
"2599",140,396726.176479034,7223886.40167922,"18"
"2600",712,393497.219021828,7225369.37246772,"18"
"2601",57,331079.287791009,7235619.25067624,"18"
"2602",299,375530.505414201,7251075.41754109,"18"
"2603",242,382081.894840082,7259098.04666755,"18"
"2604",329,375610.126587523,7264157.55660292,"18"
"2605",361,382883.449082484,7266615.15261011,"18"
"2606",476,359778.070801374,7265175.70139634,"18"
"2607",565,378031.330269044,7276004.26582594,"18"
"2608",421,358222.259107088,7280264.64101665,"18"
"2609",80,388270.567723398,7282732.98167341,"18"
"2610",456,391230.162955684,7285351.37271721,"18"
"2611",71,377786.119446371,7288981.81163048,"18"
"2612",314,356119.603302171,7298132.85966993,"18"
"2613",78,358372.789749571,7306469.80272081,"18"
"2614",284,352744.48344726,7305384.90804932,"18"
"2615",315,345453.81010205,7314045.42660919,"18"
"2616",719,375402.832935743,7314551.37003308,"18"
"2617",332,378686.863087587,7336884.23272935,"18"
"2618",141,363191.220944988,7331863.63845896,"18"
"2619",448,334784.170155242,7286148.11267206,"18"
"2620",170,334712.874223046,7288601.60610891,"18"
"2621",453,330439.116200805,7304864.43504319,"18"
"2622",46,324517.421905892,7301151.54314555,"18"
"2623",735,323173.00889084,7301731.00514971,"18"
"2624",377,317082.619171626,7304251.41601348,"18"
"2625",178,338511.974012924,7320146.92764356,"18"
"2626",168,334310.297959093,7321125.37179521,"18"
"2627",58,336860.075049831,7322332.06932799,"18"
"2628",370,315449.220304558,7311002.26985414,"18"
"2629",550,311694.766244756,7319027.05890999,"18"
"2630",241,291185.803197715,7499962.59986024,"18"
"2631",67,296986.793716821,7517404.04154175,"18"
"2632",38,312068.443592362,7344341.84923035,"18"
"2633",14,309488.989338294,7341994.05851791,"18"
"2634",256,336994.924783372,7285027.56182009,"18"
"2635",620,340345.731005657,7284160.16742064,"18"
"2636",129,354829.106039689,7275662.10201797,"18"
"2637",104,295258.514115247,7494013.02462629,"19"
"2638",107,295893.690404976,7503239.05848018,"19"
"2639",134,299120.914872467,7507317.11379898,"19"
"2640",36,299225.088550764,7504809.80714335,"19"
"2641",219,300240.838989571,7498158.19690197,"19"
"2642",297,298087.989532666,7493061.02359637,"19"
"2643",106,308031.742621771,7513384.76010675,"19"
"2644",83,314281.690492554,7497495.236633,"19"
"2645",166,313980.351470557,7496969.0589002,"19"
"2646",73,297678.804849193,7485588.0918652,"19"
"2647",270,296320.045739085,7508363.71159753,"19"
"2648",49,307061.342711978,7526817.83642402,"19"
"2649",176,306698.887650642,7524029.27183923,"19"
"2650",57,306687.828458303,7524098.35310997,"19"
"2651",81,309212.851723745,7521751.09476887,"19"
"2652",29,312127.06570624,7521562.71158785,"19"
"2653",25,312604.601936015,7521748.2465276,"19"
"2654",33,312095.768296773,7528705.76338283,"19"
"2655",157,315981.235177325,7520508.44389656,"19"
"2656",86,318325.03025706,7523341.86176905,"19"
"2657",211,322017.138128194,7520921.95135046,"19"
"2658",108,317766.756995723,7518445.70311458,"19"
"2659",59,322719.283443078,7508207.56938316,"19"
"2660",44,322505.210529475,7507821.70574287,"19"
"2661",58,319784.679970473,7509771.28957935,"19"
"2662",38,318947.382195071,7509441.0752614,"19"
"2663",45,319111.943348807,7510016.11775625,"19"
"2664",231,321847.695032126,7460974.9492434,"19"
"2665",325,320371.253892753,7466847.68553168,"19"
"2666",256,321982.36046907,7476097.3380253,"19"
"2667",242,322189.036566807,7476604.88467679,"19"
"2668",510,341398.497815854,7447763.24452773,"19"
"2669",255,348391.965623343,7435895.29560906,"19"
"2670",231,348811.773359718,7435789.59838309,"19"
"2671",220,316285.031302214,7458560.36854398,"19"
"2672",198,307314.62105352,7461933.74278018,"19"
"2673",78,308102.958320643,7462554.6345111,"19"
"2674",603,306192.283293433,7467115.05701867,"19"
"2675",58,299165.617896249,7462190.96972736,"19"
"2676",35,299113.96332752,7462410.36905207,"19"
"2677",66,316565.583460487,7448110.0282536,"19"
"2678",83,298674.110961173,7460417.72135466,"19"
"2679",139,298198.610292398,7455162.20037357,"19"
"2680",804,297318.27587494,7455048.4452024,"19"
"2681",157,315658.610893752,7447069.64069365,"19"
"2682",200,331491.994826415,7447243.50083773,"19"
"2683",420,331958.881938737,7446865.12333209,"19"
"2684",94,331705.129654534,7441690.94589478,"19"
"2685",153,292840.648297541,7430719.41105992,"19"
"2686",314,315634.437832134,7427025.42654961,"19"
"2687",148,315625.522089146,7426960.52214098,"19"
"2688",182,327391.065507668,7436230.13083967,"19"
"2689",128,315520.290781,7427086.25422343,"19"
"2690",438,345242.756974183,7416943.04633008,"19"
"2691",122,346476.19815184,7424742.87308295,"19"
"2692",156,349841.457820408,7428687.56907749,"19"
"2693",100,346308.746333245,7428523.74053241,"19"
"2694",159,345387.559412513,7426726.46922579,"19"
"2695",111,345507.751647224,7426434.80850401,"19"
"2696",436,350760.308779234,7433363.2584141,"19"
"2697",117,341823.874699391,7433965.63315618,"19"
"2698",188,340816.883373107,7439061.4839633,"19"
"2699",641,337837.780160996,7438325.39316913,"19"
"2700",83,337496.187395169,7438849.5939432,"19"
"2701",126,331430.842812524,7431271.6627931,"19"
"2702",562,328898.277269442,7426644.03886044,"19"
"2703",647,331301.965582455,7405764.01640961,"19"
"2704",690,326001.978964589,7396643.86549272,"19"
"2705",55,325476.693618685,7400287.04172576,"19"
"2706",557,327447.061382221,7428052.38249831,"19"
"2707",231,348485.866306445,7434786.64194825,"19"
"2708",88,318809.749885818,7397714.10054848,"19"
"2709",415,318395.781288655,7397781.74557778,"19"
"2710",135,317269.981178503,7399467.38086996,"19"
"2711",176,307412.699754271,7406115.83414141,"19"
"2712",85,315459.915989322,7391222.57396975,"19"
"2713",258,316743.264054016,7388759.523512,"19"
"2714",404,319189.033347094,7364871.07548598,"19"
"2715",163,318763.039739835,7364849.67727766,"19"
"2716",41,334737.335040514,7380501.15974,"19"
"2717",86,329829.813616529,7387230.59132923,"19"
"2718",182,329739.796825262,7386689.05331141,"19"
"2719",82,328050.126436181,7389003.19969404,"19"
"2720",65,327909.609728349,7388619.76647224,"19"
"2721",218,316656.172803094,7355891.41382192,"19"
"2722",261,327395.641769714,7355465.19416229,"19"
"2723",177,329986.309196617,7358295.70509078,"19"
"2724",234,330573.130651219,7358047.87189791,"19"
"2725",144,332165.083819418,7359484.54320129,"19"
"2726",228,331305.97732731,7358521.9909135,"19"
"2727",41,330991.697862207,7358892.561987,"19"
"2728",28,336547.42351413,7357717.62056759,"19"
"2729",81,337354.925326706,7357627.85675094,"19"
"2730",465,350041.311266749,7364815.33612343,"19"
"2731",67,348639.322538435,7371735.99492506,"19"
"2732",44,348304.067095863,7372017.66493686,"19"
"2733",203,340731.873585843,7386575.46181547,"19"
"2734",99,339867.797904019,7385560.60708928,"19"
"2735",25,338494.03517039,7383088.98632503,"19"
"2736",162,336191.878244955,7388307.16970115,"19"
"2737",60,348994.85196863,7403779.81815591,"19"
"2738",26,349237.533426499,7403714.64663308,"19"
"2739",383,346498.040562727,7386650.81120086,"19"
"2740",194,346708.113252507,7387022.36144273,"19"
"2741",550,353788.145633146,7373163.21370408,"19"
"2742",221,353879.316602919,7389418.9170597,"19"
"2743",109,355909.422596741,7389933.44637909,"19"
"2744",273,365401.344585828,7366716.86497925,"19"
"2745",382,367135.428267176,7376710.73456848,"19"
"2746",332,366152.115199198,7369917.8023708,"19"
"2747",405,359418.544078949,7349717.01412245,"19"
"2748",70,357203.971474715,7347290.39691463,"19"
"2749",544,340118.689203242,7346355.16445341,"19"
"2750",770,337167.111032722,7352007.19421253,"19"
"2751",113,330237.213934157,7347489.81591598,"19"
"2752",464,328640.567127865,7348351.38181839,"19"
"2753",206,328595.803402169,7348775.72825918,"19"
"2754",118,329243.318570805,7353273.91323105,"19"
"2755",214,329538.642604926,7347292.4605233,"19"
"2756",241,338501.19407155,7334576.6070503,"19"
"2757",376,352066.732156192,7331514.95555384,"19"
"2758",162,352840.84860007,7332325.14480433,"19"
"2759",483,344219.610335551,7302420.3669198,"19"
"2760",1074,368144.349671327,7305671.91726285,"19"
"2761",119,376060.573730114,7307976.37970323,"19"
"2762",882,373116.078670326,7324984.30745676,"19"
"2763",793,381374.554572428,7339050.0635227,"19"
"2764",195,389041.993475292,7295858.35988934,"19"
"2765",169,387849.980866649,7291542.70176882,"19"
"2766",466,383349.170870798,7264855.53833697,"19"
"2767",105,380289.927520842,7263809.99861738,"19"
"2768",491,364733.712756653,7264741.63393116,"19"
"2769",608,350554.925624133,7272971.98578982,"19"
"2770",519,359693.882939452,7251141.46968398,"19"
"2771",223,369658.51832468,7245622.32211518,"19"
"2772",468,369630.366155404,7245608.32141188,"19"
"2773",127,368798.29742857,7246104.00840025,"19"
"2774",357,386598.050307626,7252024.05029673,"19"
"2775",784,384011.027882813,7235099.89144971,"19"
"2776",76,394553.559321451,7216692.23236332,"19"
"2777",89,394888.867528659,7216618.30411704,"19"
"2778",413,380977.549026313,7224612.46285559,"19"
"2779",101,397881.108368036,7192366.71341285,"19"
"2780",127,398277.96095315,7192148.43997433,"19"
"2781",471,383359.10505282,7199111.82567187,"19"
"2782",232,383574.31729513,7200606.23274286,"19"
"2783",396,370669.069749359,7210040.00312288,"19"
"2784",321,353512.136521952,7213915.5007154,"19"
"2785",524,343650.121763855,7212533.52869535,"19"
"2786",402,352313.122152661,7212831.928853,"19"
"2787",164,365778.1711975,7201661.5202808,"19"
"2788",304,372638.697760013,7189243.46607255,"19"
"2789",392,352263.678481979,7197860.52365244,"19"
"2790",104,338466.350268123,7197238.4915488,"19"
"2791",109,344002.762500154,7185401.05445255,"19"
"2792",12,347007.374198521,7181421.75275494,"19"
"2793",195,347334.322321276,7180650.28282348,"19"
"2794",71,328575.201698653,7191371.39416071,"19"
"2795",300,328474.787197891,7191661.47399961,"19"
"2796",173,336082.890368386,7235822.92605194,"19"
"2797",368,331666.405788134,7232335.49890298,"19"
"2798",112,322449.950590549,7210854.09181601,"19"
"2799",468,327498.777829174,7198795.08226446,"19"
"2800",13,297066.367717522,7485119.17142493,"19"
"2801",11,294245.928013975,7495347.22354742,"19"
"2802",21,299757.608317957,7515939.71985969,"19"
"2803",12,302593.339798326,7518948.52913125,"19"
"2804",4,307007.793265373,7526432.7187402,"19"
"2805",10,308926.276079885,7524817.38984448,"19"
"2806",20,309368.93217035,7522049.86418848,"19"
"2807",39,310910.056426077,7526891.12031527,"19"
"2808",44,313428.019353922,7522450.03435877,"19"
"2809",15,316332.457241813,7523786.21442899,"19"
"2810",64,318129.912106814,7523823.30126022,"19"
"2811",36,323036.158884774,7518439.5917685,"19"
"2812",24,317314.055117837,7518373.54030039,"19"
"2813",40,318006.140794279,7518194.18092671,"19"
"2814",27,324034.730794033,7515630.2254441,"19"
"2815",19,323601.462563001,7513853.21978378,"19"
"2816",14,326225.05935253,7512273.58054464,"19"
"2817",48,324088.005728316,7511803.7748559,"19"
"2818",21,340621.492337665,7447234.7293869,"19"
"2819",1,340886.434009614,7447420.27146269,"19"
"2820",2,341113.999698225,7447395.00290182,"19"
"2821",24,299321.127635338,7462554.31565773,"19"
"2822",13,299151.889567598,7458423.88419367,"19"
"2823",4,297640.231421936,7454806.88522885,"19"
"2824",12,320980.10159256,7432793.08759906,"19"
"2825",3,315031.561197259,7428251.9601184,"19"
"2826",32,315265.744542469,7426704.99489062,"19"
"2827",13,327274.291598411,7436178.0169154,"19"
"2828",9,332554.110037334,7422880.55874998,"19"
"2829",36,325248.092712385,7425988.44115895,"19"
"2830",15,314789.29384306,7409730.24748127,"19"
"2831",4,341789.617768744,7373238.81144309,"19"
"2832",40,332239.731457702,7359036.50982431,"19"
"2833",4,349632.821556658,7371345.0645064,"19"
"2834",38,348219.856617299,7374576.71909598,"19"
"2835",5,337055.709993697,7381559.1246936,"19"
"2836",25,357560.87781112,7295666.04900112,"19"
"2837",15,362957.952943145,7288748.34040556,"19"
"2838",12,365115.213261518,7264818.59996904,"19"
"2839",14,364886.465417611,7263690.91700372,"19"
"2840",15,360271.659798102,7282134.30534616,"19"
"2841",7,394745.955755007,7225847.89246441,"19"
"2842",30,381434.585746739,7224996.92258593,"19"
"2843",5,397683.895455393,7187196.7790494,"19"
"2844",23,386876.597470008,7195128.9208819,"19"
"2845",10,351529.674807655,7217901.85958005,"19"
"2846",20,339062.813562656,7197564.99901373,"19"
"2847",19,347007.40728978,7181421.79005811,"19"
"2848",20,347248.355200704,7181219.9773128,"19"
"2849",22,330643.200827342,7236954.78222209,"19"
"2850",16,329572.288641265,7236189.69318162,"19"
"2851",33,322959.269338784,7210660.56968048,"19"
"2852",117,318902.64206525,7523556.1187127,"20"
"2853",111,321616.04845637,7522129.69028872,"20"
"2854",148,317990.198248003,7518701.00289823,"20"
"2855",43,307777.747642522,7524911.06489468,"20"
"2856",18,307791.680128524,7524059.1130365,"20"
"2857",17,305330.730775534,7518195.08810325,"20"
"2858",41,305689.649262325,7517672.3165608,"20"
"2859",61,307088.848902553,7517897.29809501,"20"
"2860",103,304695.515617044,7522352.04253378,"20"
"2861",34,308781.252853373,7517932.57474917,"20"
"2862",48,304542.572533233,7514287.2063402,"20"
"2863",65,302336.566073093,7512518.8282618,"20"
"2864",117,313300.624989127,7511163.62274948,"20"
"2865",25,326480.54941994,7511532.82629171,"20"
"2866",68,327663.472752381,7509597.30274145,"20"
"2867",172,316612.242820565,7505909.70968542,"20"
"2868",26,315508.625383217,7504579.93879748,"20"
"2869",208,295969.230496836,7506636.21537768,"20"
"2870",55,292681.672481288,7507926.56091618,"20"
"2871",67,294969.060990873,7503527.95664849,"20"
"2872",356,293763.447672651,7495272.17582412,"20"
"2873",324,314278.650873832,7474892.12972828,"20"
"2874",346,318634.675596394,7471457.34875705,"20"
"2875",75,318748.690628064,7470502.21958654,"20"
"2876",461,333142.302372272,7473097.77847386,"20"
"2877",473,298347.635571287,7468478.61512288,"20"
"2878",132,325932.937444395,7454962.32718449,"20"
"2879",595,299350.627065471,7452175.44329271,"20"
"2880",222,351610.55318544,7435956.88356992,"20"
"2881",193,332804.309225583,7440788.96243585,"20"
"2882",222,325296.928615526,7436722.95903392,"20"
"2883",395,311376.751760046,7439382.41547166,"20"
"2884",178,330238.407378124,7435450.14487316,"20"
"2885",190,347477.93072137,7430023.88569717,"20"
"2886",102,344092.871114582,7428453.29853872,"20"
"2887",441,346055.461750612,7424494.01205278,"20"
"2888",330,349049.43513803,7425327.84959859,"20"
"2889",62,305075.653679852,7398772.242214,"20"
"2890",300,306431.153531852,7395383.42717789,"20"
"2891",282,315655.045717569,7403609.33868235,"20"
"2892",214,313428.607881666,7395830.56481528,"20"
"2893",220,322247.39908665,7393348.72522027,"20"
"2894",255,330209.713469386,7404775.9673909,"20"
"2895",962,339304.235704442,7397163.48530891,"20"
"2896",591,358862.081292086,7384616.873746,"20"
"2897",207,344552.128338947,7381241.45279003,"20"
"2898",79,356868.730376924,7378566.15403099,"20"
"2899",81,363492.242826585,7376015.84423122,"20"
"2900",99,316901.398940087,7385310.501897,"20"
"2901",645,328223.39350447,7369035.12524004,"20"
"2902",64,349311.401553498,7367430.1637541,"20"
"2903",156,350725.130002444,7357754.37776821,"20"
"2904",90,353419.645602287,7361476.39501836,"20"
"2905",111,372149.691183886,7361369.65423477,"20"
"2906",415,358865.956904022,7355069.86062379,"20"
"2907",154,345969.891330758,7351614.04935605,"20"
"2908",438,343035.9675282,7343539.54336058,"20"
"2909",99,320642.860938904,7348823.89619308,"20"
"2910",296,378986.492027421,7329375.33810741,"20"
"2911",595,377133.692702235,7315018.94887895,"20"
"2912",63,354303.308165271,7304996.5381401,"20"
"2913",243,351134.831075022,7305492.41835959,"20"
"2914",627,354000.332723412,7321715.52099918,"20"
"2915",77,360083.734029399,7293149.51389918,"20"
"2916",816,361783.063461934,7291426.9661261,"20"
"2917",258,366968.114427768,7299523.6535072,"20"
"2918",57,373130.908720297,7303153.72775268,"20"
"2919",121,380031.632394725,7292959.75088737,"20"
"2920",352,357105.96194472,7282657.81523159,"20"
"2921",148,390102.236808992,7278186.85533614,"20"
"2922",88,369870.796684009,7252673.39594847,"20"
"2923",525,377181.399639571,7246651.12066579,"20"
"2924",102,387462.625135157,7266758.83878767,"20"
"2925",201,343142.145428182,7226170.71427502,"20"
"2926",72,331333.479967214,7222663.34902561,"20"
"2927",364,325122.241875128,7225726.32103095,"20"
"2928",77,322264.25001443,7228243.06153786,"20"
"2929",550,325003.117054539,7205676.38206576,"20"
"2930",104,359102.650816495,7202491.42945942,"20"
"2931",321,343982.559919658,7212391.13862447,"20"
"2932",110,343064.546987495,7213623.72479038,"20"
"2933",78,349809.152179465,7200879.15148905,"20"
"2934",196,351456.516799826,7190038.87178693,"20"
"2935",186,348601.887617301,7188589.37612641,"20"
"2936",97,335236.041218713,7220868.85023735,"20"
"2937",215,398822.848606657,7193206.60979497,"20"
"2938",540,388270.281728918,7202085.35487692,"20"
"2939",383,400220.193907385,7211092.52505964,"20"
"2940",390,387100.447978777,7222205.18169002,"20"
"2941",381,392105.814548783,7239479.23104862,"20"
"2942",314,391083.631502761,7243919.79923479,"20"
"2943",407,383933.475490164,7243141.01274742,"20"
"2944",409,370115.175517783,7214818.67103273,"20"
"2945",143,364015.487399788,7217343.6814403,"20"
"2946",162,360886.337918603,7212712.46322314,"20"
"2947",213,333569.192006836,7182720.14166934,"20"
"2948",261,344785.65013507,7185441.87796062,"20"
"2949",362,294162.289768817,7432280.72995403,"20"
"2950",366,333037.636649709,7296240.10751978,"20"
"2951",454,321561.456078042,7299373.22722218,"20"
"2952",110,340430.703254739,7330892.91329986,"20"
"2953",338,337705.377446373,7329094.01836119,"20"
"2954",108,327911.005244846,7314624.53829478,"20"
"2955",312,324218.154833097,7307041.06228183,"20"
"2956",323,321449.033388373,7325090.25185959,"20"
"2957",663,309610.525206876,7323271.49264922,"20"
"2958",402,314184.514780093,7312257.7050568,"20"
"2959",198,350982.084822197,7274821.27651451,"20"
"2960",69,353667.759470802,7270498.74460458,"20"
"2961",54,312090.846135086,7343120.44844287,"20"
"2962",100,316826.916699602,7345249.80174032,"20"
"2963",23,360254.722303588,7237773.16561368,"21"
"2964",123,304328.854799443,7526173.57963875,"21"
"2965",100,306078.662693508,7518234.74803201,"21"
"2966",106,317550.270437304,7518582.68916091,"21"
"2967",91,331270.702567263,7499266.33605812,"21"
"2968",340,326070.554411852,7476888.77979532,"21"
"2969",85,321810.26047208,7465505.28729416,"21"
"2970",93,309886.901098468,7466488.39866863,"21"
"2971",264,299777.714504724,7471180.32193419,"21"
"2972",377,297904.479215607,7468481.58214839,"21"
"2973",413,296879.500670245,7454532.44263661,"21"
"2974",198,295810.616422888,7501118.55021812,"21"
"2975",143,299520.118261143,7452133.31032021,"21"
"2976",310,313999.293711794,7448845.36742718,"21"
"2977",348,323518.409841436,7450567.51634752,"21"
"2978",408,331251.678468007,7454559.24192056,"21"
"2979",518,332517.795304818,7470616.90342724,"21"
"2980",71,346916.282059336,7442868.1001603,"21"
"2981",323,347363.508412292,7438899.35139561,"21"
"2982",290,351188.655461721,7427796.61685405,"21"
"2983",498,347558.681881218,7420687.83833386,"21"
"2984",106,347417.652094163,7429325.31509074,"21"
"2985",166,295048.467664825,7503427.71949284,"21"
"2986",353,338524.952205654,7425801.51404966,"21"
"2987",179,323831.870698824,7431052.31743152,"21"
"2988",107,310121.293614938,7433762.18914876,"21"
"2989",285,309510.811097227,7434901.87311453,"21"
"2990",347,299940.319802037,7435452.04787703,"21"
"2991",44,300574.744431672,7410330.5627948,"21"
"2992",443,324444.951506005,7405992.53397497,"21"
"2993",214,324562.186958525,7410990.12051211,"21"
"2994",66,326520.610165092,7411262.50163981,"21"
"2995",860,343554.83784335,7395758.21835694,"21"
"2996",124,297426.550811895,7494117.78800254,"21"
"2997",83,353283.01682082,7370164.106387,"21"
"2998",65,359610.039938641,7364090.55053965,"21"
"2999",464,361357.436281661,7380687.68375542,"21"
"3000",98,360657.483781993,7375720.89307655,"21"
"3001",400,356014.398853004,7353738.0519901,"21"
"3002",65,348448.889780409,7363936.76258779,"21"
"3003",245,345468.789584849,7367280.84841581,"21"
"3004",221,348354.962472995,7366868.40531304,"21"
"3005",309,324870.526462107,7362747.42817386,"21"
"3006",142,309662.279208412,7496994.04115108,"21"
"3007",232,309592.70465369,7386485.66287845,"21"
"3008",307,319291.868142159,7379285.48296857,"21"
"3009",70,350896.502823365,7357585.35957742,"21"
"3010",309,354892.015621803,7343122.65300402,"21"
"3011",509,355851.564080975,7344614.15784402,"21"
"3012",276,324261.604549804,7341573.12688326,"21"
"3013",389,316313.051842693,7348938.0044175,"21"
"3014",189,358149.731955752,7326625.02348893,"21"
"3015",167,364400.474471367,7315600.22458581,"21"
"3016",209,355953.013427625,7301205.25414632,"21"
"3017",159,313085.733878986,7509265.22520088,"21"
"3018",168,381468.776205903,7332752.06018744,"21"
"3019",987,378031.215364058,7313952.4161668,"21"
"3020",44,383709.242927672,7285566.09683238,"21"
"3021",252,383872.305507956,7290451.25080058,"21"
"3022",799,378771.239717745,7288654.90682902,"21"
"3023",129,359744.310294302,7290966.82420985,"21"
"3024",253,357005.358904502,7286640.71945154,"21"
"3025",328,358573.549556272,7274885.58628371,"21"
"3026",538,381108.356367295,7258180.84239527,"21"
"3027",44,312810.290616392,7512878.9344707,"21"
"3028",416,387691.80526846,7257111.8610346,"21"
"3029",354,376096.449391176,7247958.72668004,"21"
"3030",261,373290.74402533,7244892.98006105,"21"
"3031",329,387938.187236551,7226731.12857343,"21"
"3032",966,391974.090039627,7223919.65882014,"21"
"3033",70,391242.18644487,7214563.17990577,"21"
"3034",162,395059.100085138,7191573.59286872,"21"
"3035",717,392850.310523676,7198332.04396854,"21"
"3036",584,381875.367727865,7195804.77770862,"21"
"3037",358,374086.747615116,7203968.07483864,"21"
"3038",94,323666.062932377,7520273.84642907,"21"
"3039",263,372901.876959558,7196119.58485131,"21"
"3040",268,357238.116350927,7191573.99966161,"21"
"3041",167,348073.26532629,7181879.42903499,"21"
"3042",352,346972.844840971,7181469.21548073,"21"
"3043",73,345437.298290446,7180867.78624764,"21"
"3044",64,338226.838103844,7179114.23080416,"21"
"3045",96,337602.716493323,7176446.8285959,"21"
"3046",456,326058.219692368,7203203.48997575,"21"
"3047",348,330423.84939998,7208172.11783961,"21"
"3048",235,324670.29877758,7211514.24947925,"21"
"3049",125,314867.306751392,7520722.5125439,"21"
"3050",202,322399.299369806,7212296.72770406,"21"
"3051",157,320871.938445571,7212545.84059204,"21"
"3052",322,331456.66842586,7232342.3328202,"21"
"3053",74,308724.738603978,7522732.07341774,"21"
"3054",120,391865.901960897,7297391.3529392,"21"
"3055",44,357703.00612456,7360754.17067421,"21"
"3056",49,304453.38379242,7518195.43257515,"22"
"3057",51,307898.687229912,7516854.27230351,"22"
"3058",133,310415.42799712,7521503.62553918,"22"
"3059",102,315144.271570202,7521328.28477522,"22"
"3060",324,318983.686749087,7523223.10937552,"22"
"3061",420,304935.305371011,7514280.86947477,"22"
"3062",48,303015.12003557,7513104.61409189,"22"
"3063",26,304520.593980801,7512891.1981726,"22"
"3064",294,306259.530282232,7511296.16684015,"22"
"3065",79,299651.076596638,7508221.1696139,"22"
"3066",43,295351.724709187,7508851.27488245,"22"
"3067",105,305491.444883642,7503677.69916677,"22"
"3068",121,299120.780746817,7499209.60065167,"22"
"3069",140,291309.661843854,7490565.22379881,"22"
"3070",4,310421.081397976,7486893.94279468,"22"
"3071",115,295434.958793074,7486467.47843744,"22"
"3072",15,295599.528184754,7474241.37244118,"22"
"3073",448,309487.099219426,7475341.63870965,"22"
"3074",137,315835.825424881,7480957.67684568,"22"
"3075",71,311046.269901477,7470521.16412005,"22"
"3076",568,299429.655161107,7459527.84880734,"22"
"3077",436,336155.308519735,7482353.13346304,"22"
"3078",633,337631.992068674,7464373.74073782,"22"
"3079",92,342999.199531008,7461196.99804628,"22"
"3080",529,340883.343960263,7459557.99101283,"22"
"3081",78,344328.785893859,7456593.00804128,"22"
"3082",27,325750.170103763,7456621.6859665,"22"
"3083",286,292762.075907965,7447662.76122783,"22"
"3084",408,303878.071769803,7446427.93093227,"22"
"3085",479,308806.594652953,7444874.60750534,"22"
"3086",102,321386.1062987,7445960.44878248,"22"
"3087",9,338404.306355452,7451691.05640336,"22"
"3088",135,345239.773725184,7451763.14040473,"22"
"3089",77,340397.398358404,7445477.63679672,"22"
"3090",65,345767.016385321,7441381.22583621,"22"
"3091",211,295656.480301774,7423477.19693075,"22"
"3092",363,319102.639350529,7423084.19734384,"22"
"3093",146,321246.048875816,7422656.11708482,"22"
"3094",27,319984.253176781,7421256.3794393,"22"
"3095",42,324442.985408918,7422229.18801905,"22"
"3096",99,324089.478631588,7416687.27074995,"22"
"3097",73,320260.840409357,7416176.00579931,"22"
"3098",276,309344.231384343,7419738.62211959,"22"
"3099",42,326183.663425662,7419480.8945557,"22"
"3100",671,329297.272185678,7426206.52080065,"22"
"3101",516,338166.373905467,7433925.20856901,"22"
"3102",90,347072.789049914,7419013.94038337,"22"
"3103",49,343886.847464908,7417596.34891911,"22"
"3104",656,320077.079290707,7396104.31913516,"22"
"3105",632,323184.934278598,7402599.34883656,"22"
"3106",32,326365.844031712,7404021.74897276,"22"
"3107",92,325319.858351093,7402624.90146487,"22"
"3108",58,322437.511853131,7412048.9794604,"22"
"3109",416,336733.243897298,7390529.3771176,"22"
"3110",16,353878.851087866,7397864.90241584,"22"
"3111",344,353273.543142235,7395090.29680155,"22"
"3112",6,309793.078472128,7385130.26834334,"22"
"3113",396,341666.931520678,7386430.59797596,"22"
"3114",51,342107.928133875,7385283.58815424,"22"
"3115",427,326815.452021277,7384179.52300025,"22"
"3116",29,343425.343822727,7381377.29094312,"22"
"3117",31,342195.513196994,7377210.87735895,"22"
"3118",16,337675.79237059,7362851.6934441,"22"
"3119",190,335583.242079475,7360524.28820142,"22"
"3120",24,342990.508621093,7362212.74196321,"22"
"3121",144,355095.248595252,7383336.53267813,"22"
"3122",450,359534.895917587,7385229.41007074,"22"
"3123",37,314622.723612109,7357035.64021113,"22"
"3124",304,321843.856991862,7356207.4434538,"22"
"3125",21,328202.425944896,7356738.85212549,"22"
"3126",215,349620.984831043,7357443.62888319,"22"
"3127",222,357323.934274905,7350832.94128551,"22"
"3128",473,343747.385414056,7351610.88872681,"22"
"3129",133,336129.351695416,7350141.54737676,"22"
"3130",382,336781.395120641,7348299.33363629,"22"
"3131",467,360291.264082418,7351316.16998749,"22"
"3132",34,350759.854433009,7329302.66922546,"22"
"3133",297,346966.410345528,7327645.36538533,"22"
"3134",111,355426.624492388,7329118.26895103,"22"
"3135",295,347078.276675963,7317268.79893202,"22"
"3136",483,375510.186980154,7332309.22989035,"22"
"3137",249,388709.747844135,7323659.18465854,"22"
"3138",244,378576.42474804,7320807.59718207,"22"
"3139",623,365875.786746202,7321379.7746143,"22"
"3140",563,364064.029541652,7311206.92675097,"22"
"3141",157,347574.346170203,7310817.06248268,"22"
"3142",11,355245.278064953,7305127.53676839,"22"
"3143",300,337129.648737199,7299391.56892058,"22"
"3144",187,336948.291863979,7297539.70998989,"22"
"3145",47,366973.533328506,7294400.84149939,"22"
"3146",414,387475.639455379,7292498.39369172,"22"
"3147",98,364869.112368929,7271997.69469236,"22"
"3148",386,377490.933159604,7275337.49682871,"22"
"3149",702,360291.224411319,7265262.73265727,"22"
"3150",356,392713.367676531,7270391.2085541,"22"
"3151",441,363320.267472205,7257672.93967489,"22"
"3152",295,382771.156723333,7249545.57357453,"22"
"3153",663,397330.796530119,7244124.65374894,"22"
"3154",548,398902.319180176,7230990.85879711,"22"
"3155",20,401014.286370917,7229156.87728884,"22"
"3156",218,331000.640821958,7230773.64636479,"22"
"3157",28,320060.929108547,7215401.11732418,"22"
"3158",153,332997.915416616,7221803.19297968,"22"
"3159",107,338246.577562946,7222320.7590545,"22"
"3160",39,347783.915851422,7234437.99282979,"22"
"3161",84,354074.995445891,7236123.69953336,"22"
"3162",126,347404.318130516,7211582.1408685,"22"
"3163",8,326767.905719317,7200255.80982918,"22"
"3164",456,331972.41298347,7186706.61349511,"22"
"3165",59,336427.04122007,7181920.5716772,"22"
"3166",217,348445.436260554,7193360.87455119,"22"
"3167",13,351707.210878637,7183250.5463372,"22"
"3168",94,366735.535767451,7231866.78049435,"22"
"3169",36,367182.980417675,7228404.39510998,"22"
"3170",468,380780.070351618,7212614.59459655,"22"
"3171",115,388320.050291865,7214749.87017469,"22"
"3172",65,362957.883106355,7189362.82793309,"22"
"3173",159,369043.438095214,7210191.41073444,"22"
"3174",11,375166.821762055,7206095.80265369,"22"
"3175",476,387127.651577442,7206666.10468538,"22"
"3176",278,387170.020430304,7201593.92669374,"22"
"3177",178,399819.767431204,7192922.31968438,"22"
"3178",12,344995.448611222,7186805.83165882,"23"
"3179",15,351538.122426739,7183137.24224517,"23"
"3180",88,358519.321635783,7190454.50902039,"23"
"3181",218,322607.88060999,7222761.91624906,"23"
"3182",168,322974.021173347,7212100.36261062,"23"
"3183",482,325417.535325624,7207019.80039913,"23"
"3184",122,370730.627398759,7193277.41487534,"23"
"3185",201,349048.490776608,7213742.65006717,"23"
"3186",45,338793.514039386,7235565.60927309,"23"
"3187",97,340532.338094171,7220746.32386653,"23"
"3188",27,359186.713426093,7215377.30196521,"23"
"3189",310,384029.974119323,7194724.15110021,"23"
"3190",537,386752.052458911,7202295.97551689,"23"
"3191",668,389068.61749611,7215598.84273682,"23"
"3192",120,361738.101030214,7234533.73641464,"23"
"3193",595,384990.389291426,7227493.87353757,"23"
"3194",25,401295.260034922,7214586.67634306,"23"
"3195",275,396474.601128607,7201203.56957728,"23"
"3196",65,337886.10486308,7177441.55870863,"23"
"3197",120,342783.088157695,7179551.62266649,"23"
"3198",95,343137.090400746,7178565.36998184,"23"
"3199",191,376882.261162213,7239093.32828182,"23"
"3200",243,373271.700354312,7240649.08803614,"23"
"3201",16,371124.896456718,7240469.79847932,"23"
"3202",335,382903.318205947,7251109.45076336,"23"
"3203",504,387648.01730094,7257782.20868332,"23"
"3204",481,383445.434290826,7256197.92991624,"23"
"3205",313,365950.596952783,7258328.07558622,"23"
"3206",494,363082.248951807,7261790.29434284,"23"
"3207",147,374584.829024181,7264625.26646614,"23"
"3208",124,364270.568792609,7284013.72085912,"23"
"3209",386,352899.159283222,7283959.79131364,"23"
"3210",325,361184.374734553,7286088.52239481,"23"
"3211",519,379516.625406679,7292069.78115401,"23"
"3212",312,381047.206773331,7299160.54995664,"23"
"3213",392,380749.719407842,7300641.96167886,"23"
"3214",299,392962.543784276,7309191.32734017,"23"
"3215",420,374309.824689328,7330423.86895823,"23"
"3216",503,364504.834730498,7339607.12912975,"23"
"3217",147,359722.679132856,7334633.1026167,"23"
"3218",132,362665.914010734,7333037.28401727,"23"
"3219",377,351300.637153361,7324984.43632292,"23"
"3220",36,345986.209761502,7308115.1216249,"23"
"3221",495,361727.459725239,7349185.07540455,"23"
"3222",320,356227.634470569,7352359.54122763,"23"
"3223",501,335641.610654036,7347839.29229457,"23"
"3224",462,338597.613187853,7351571.47189849,"23"
"3225",167,341861.656207558,7352976.30825384,"23"
"3226",50,345654.333027832,7356869.91077352,"23"
"3227",110,341525.774788546,7357168.34717804,"23"
"3228",30,329780.929814782,7357419.03744321,"23"
"3229",226,351927.617053545,7361987.32644451,"23"
"3230",288,353601.505716387,7362927.29593845,"23"
"3231",73,364212.336112328,7361453.4678115,"23"
"3232",40,314101.208904763,7367737.86952677,"23"
"3233",126,364328.29650731,7378165.42590655,"23"
"3234",194,349685.908816392,7384982.80702435,"23"
"3235",238,358181.943830146,7391226.27551626,"23"
"3236",347,333411.746350795,7393073.09788698,"23"
"3237",512,325888.76917513,7388105.91005912,"23"
"3238",194,330221.816887988,7400548.07429074,"23"
"3239",154,324421.192407663,7402194.67211487,"23"
"3240",259,329271.02711136,7409812.5049589,"23"
"3241",134,298992.547304461,7413087.67942018,"23"
"3242",401,320974.108745266,7428981.4739694,"23"
"3243",385,345976.825659869,7421709.67963444,"23"
"3244",367,337543.492722239,7427371.80354228,"23"
"3245",615,330869.668073289,7433364.91899148,"23"
"3246",383,342651.435229647,7434890.2194443,"23"
"3247",376,342558.642039991,7392946.53602408,"23"
"3248",97,319426.896895689,7522015.67993255,"23"
"3249",123,307513.21617658,7519060.62608162,"23"
"3250",128,305977.979605835,7518414.9327083,"23"
"3251",151,306610.39057098,7516156.9867506,"23"
"3252",12,312890.975629779,7513104.93073296,"23"
"3253",365,327590.858648728,7506022.0013801,"23"
"3254",193,293260.775010022,7488129.24004142,"23"
"3255",94,288091.744336176,7491516.61257442,"23"
"3256",257,289762.824010682,7493533.89828065,"23"
"3257",209,291356.179333644,7495784.20263156,"23"
"3258",102,293920.410664786,7502572.36689824,"23"
"3259",53,296372.768732348,7506225.87223432,"23"
"3260",82,303311.018291395,7502278.42063272,"23"
"3261",652,314771.631984098,7502996.74939534,"23"
"3262",357,315465.146122644,7480986.5547525,"23"
"3263",218,304615.69679672,7472534.3122151,"23"
"3264",393,304536.980345172,7469591.38370191,"23"
"3265",241,328528.364413148,7473787.72359991,"23"
"3266",43,335146.651109615,7469525.15830231,"23"
"3267",163,299405.612244628,7437209.81020515,"23"
"3268",132,303355.854877499,7439156.76971611,"23"
"3269",129,301614.849089467,7441110.01924215,"23"
"3270",416,296792.323472096,7446941.33511233,"23"
"3271",436,296056.342414666,7450033.04251258,"23"
"3272",613,295367.540203967,7458218.85507455,"23"
"3273",225,307763.263582669,7462988.96806822,"23"
"3274",332,322453.708702516,7459115.64870403,"23"
"3275",554,331697.115035826,7453894.44149764,"23"
"3276",579,343769.928998485,7452035.91915085,"23"
"3277",92,341862.65921898,7447696.63324737,"23"
"3278",250,350475.681948804,7438610.0682676,"23"
"3279",322,325775.810246985,7417637.58612299,"23"
"3280",166,296168.578212248,7493772.87426905,"24"
"3281",398,287828.435301843,7489751.70201174,"24"
"3282",152,293010.659030542,7503452.86986279,"24"
"3283",348,298828.718020957,7499961.36384499,"24"
"3284",364,310225.124700779,7495492.13881641,"24"
"3285",240,309604.931484384,7506344.23038589,"24"
"3286",106,313790.230398152,7502919.21283848,"24"
"3287",452,315871.388029501,7500913.98197446,"24"
"3288",42,314645.357175338,7517326.79339909,"24"
"3289",30,330034.100047665,7236904.77187661,"24"
"3290",450,326923.500116488,7233754.23555884,"24"
"3291",300,319266.783687192,7219140.27766934,"24"
"3292",50,320563.877965194,7213024.23399225,"24"
"3293",77,283384.100655922,7493375.79265618,"24"
"3294",15,290393.486439221,7501245.37356634,"24"
"3295",68,298506.316542463,7511444.03511123,"24"
"3296",152,301339.608132323,7526056.37206748,"24"
"3297",59,299553.189955056,7524192.07142786,"24"
"3298",50,305287.389072199,7523648.14105165,"24"
"3299",43,306341.54546829,7522291.92070398,"24"
"3300",32,307276.034965992,7521861.32113219,"24"
"3301",13,313281.749281766,7518856.36551962,"24"
"3302",67,313237.298808572,7519339.61057361,"24"
"3303",20,313005.509340235,7521378.80778508,"24"
"3304",36,311846.659943079,7528064.62027783,"24"
"3305",129,314869.05891498,7524048.42284826,"24"
"3306",28,314965.187096116,7519527.62055459,"24"
"3307",102,316045.806717223,7520421.13241278,"24"
"3308",138,318405.124039365,7524111.51177842,"24"
"3309",9,318396.579635494,7523493.46058917,"24"
"3310",85,320204.111297313,7520649.9998164,"24"
"3311",279,322234.951470777,7519116.25774522,"24"
"3312",150,323628.634017355,7518275.6403602,"24"
"3313",100,318944.06375945,7518968.96883075,"24"
"3314",34,324295.545158915,7514782.3325548,"24"
"3315",11,324960.306723535,7514629.13152871,"24"
"3316",13,325275.806470937,7514459.76822587,"24"
"3317",10,327318.13217977,7490542.27609124,"24"
"3318",250,368142.05371639,7187268.67481512,"24"
"3319",77,361283.346199917,7187073.06253574,"24"
"3320",4,347832.785886862,7190670.84783287,"24"
"3321",200,350656.627864103,7186623.16172515,"24"
"3322",80,351606.045012288,7182578.6963863,"24"
"3323",360,345841.884942887,7179278.7558826,"24"
"3324",124,345411.687846166,7178632.02759736,"24"
"3325",483,332013.688868522,7182410.24124141,"24"
"3326",79,328724.520418283,7192806.28029542,"24"
"3327",249,328570.402004546,7192618.75466017,"24"
"3328",200,330002.665077295,7193689.36893312,"24"
"3329",196,327426.131712305,7213316.39383256,"24"
"3330",302,333456.754287672,7212079.4406287,"24"
"3331",223,358986.820856538,7207230.84618784,"24"
"3332",168,354032.755997761,7207260.45081603,"24"
"3333",280,374325.192155676,7194811.57049942,"24"
"3334",100,371008.317810105,7201713.10916066,"24"
"3335",3,317616.656115493,7466811.52785638,"24"
"3336",9,316830.918932527,7465325.31803135,"24"
"3337",96,316424.78593389,7466000.95821164,"24"
"3338",141,316090.061776351,7465430.75178935,"24"
"3339",40,316214.842092216,7465603.38511122,"24"
"3340",57,315514.894368058,7465130.41969786,"24"
"3341",269,315098.474042143,7465342.95330945,"24"
"3342",7,332822.058638546,7485467.97972613,"24"
"3343",658,320497.189392312,7472604.4809393,"24"
"3344",11,321833.075134917,7467542.42133077,"24"
"3345",891,338103.391999021,7446610.24936375,"24"
"3346",10,340331.206315028,7445760.0588093,"24"
"3347",3,340274.419942326,7445865.02683505,"24"
"3348",12,340314.53174646,7445946.4813441,"24"
"3349",155,339650.351910518,7446068.20822263,"24"
"3350",15,349466.942659453,7439056.56515455,"24"
"3351",54,349229.395304496,7439493.24433038,"24"
"3352",129,349261.997653894,7439611.14113438,"24"
"3353",60,349225.577971112,7440377.82149744,"24"
"3354",29,349163.397362993,7440838.97235404,"24"
"3355",40,349415.439387497,7440947.08737998,"24"
"3356",40,351350.113659084,7437890.55814739,"24"
"3357",10,362199.776772963,7234649.50151797,"24"
"3358",591,387729.876213034,7221715.9002927,"24"
"3359",103,397716.247209845,7189110.45791374,"24"
"3360",56,395227.246343418,7200113.711204,"24"
"3361",312,384879.607411528,7193896.44086137,"24"
"3362",152,383784.437788774,7196227.67962668,"24"
"3363",230,396111.048415879,7211394.7650266,"24"
"3364",70,395073.119291473,7211285.61553835,"24"
"3365",292,334079.507694279,7450704.90646931,"24"
"3366",639,298726.493182564,7454920.24477631,"24"
"3367",34,297726.570064284,7455616.82239735,"24"
"3368",3,287762.729498987,7453557.3100775,"24"
"3369",2,290550.708596114,7462190.19156733,"24"
"3370",213,290659.666694814,7462901.7373299,"24"
"3371",104,312199.824995349,7464750.98144374,"24"
"3372",279,292469.258381823,7470076.80937628,"24"
"3373",47,292477.861719655,7470808.91348937,"24"
"3374",16,293639.130641072,7471918.24640106,"24"
"3375",271,294384.891839344,7471897.38180594,"24"
"3376",171,324704.350798369,7438384.07786294,"24"
"3377",394,323489.424224234,7436048.37699686,"24"
"3378",8,312823.679837858,7432673.50324156,"24"
"3379",138,311959.76208788,7432539.11116949,"24"
"3380",179,312118.683741695,7431602.06084155,"24"
"3381",215,311899.44381748,7432707.81113823,"24"
"3382",4,312131.164522266,7432937.42731496,"24"
"3383",71,315094.682554548,7425308.59534496,"24"
"3384",178,317415.453391146,7426415.76023428,"24"
"3385",40,358252.995665915,7236871.67177762,"24"
"3386",60,357234.863776697,7237335.71015813,"24"
"3387",66,358330.079311006,7236853.6400301,"24"
"3388",312,375137.252292783,7241243.02598745,"24"
"3389",103,374929.518416431,7237964.84862204,"24"
"3390",410,382066.340376433,7229309.39453553,"24"
"3391",229,396005.576549025,7220057.30993786,"24"
"3392",97,396521.463998388,7240288.8175571,"24"
"3393",167,395555.859226149,7240401.65556842,"24"
"3394",202,398164.010351962,7224019.95073149,"24"
"3395",395,345591.500923895,7417820.60707082,"24"
"3396",533,345387.089675465,7416345.02945332,"24"
"3397",9,334729.49236088,7419918.47725709,"24"
"3398",431,337341.277847497,7436453.56654333,"24"
"3399",98,339481.695260382,7438120.76929666,"24"
"3400",106,339695.156999797,7440777.58280512,"24"
"3401",8,340380.82617962,7442216.83301261,"24"
"3402",19,330522.655207139,7405826.26838478,"24"
"3403",249,330251.809184773,7405639.84814687,"24"
"3404",208,330632.778424174,7405817.01576118,"24"
"3405",35,330850.045320922,7405450.52627345,"24"
"3406",408,337349.288893288,7284890.9768178,"24"
"3407",497,346789.364403102,7270417.97357238,"24"
"3408",147,352023.865515976,7270659.34680244,"24"
"3409",212,299605.440901929,7415458.0708787,"24"
"3410",292,304380.74347909,7397111.7109883,"24"
"3411",204,307734.243561954,7399410.03125734,"24"
"3412",153,306202.28840755,7399062.36165822,"24"
"3413",6,306484.321349665,7398603.63131034,"24"
"3414",91,308467.262517706,7393183.07933547,"24"
"3415",107,313502.946417265,7409050.55190271,"24"
"3416",10,314079.70443082,7407209.04581901,"24"
"3417",8,314214.806257113,7407153.15619454,"24"
"3418",171,314659.389949015,7407571.90410688,"24"
"3419",25,314245.160449532,7406071.39530176,"24"
"3420",183,311273.692501464,7394264.63621449,"24"
"3421",120,316645.70662972,7390150.36569899,"24"
"3422",149,315971.221973055,7390236.21608519,"24"
"3423",65,316276.601815338,7379836.03026193,"24"
"3424",12,320826.296763429,7371978.47303352,"24"
"3425",131,321284.054827578,7369514.11808698,"24"
"3426",84,321195.17471243,7373536.84127207,"24"
"3427",53,321398.556339474,7374505.74719196,"24"
"3428",67,321443.917826463,7374341.27008379,"24"
"3429",84,321594.992739068,7374300.48543198,"24"
"3430",185,323177.793283984,7380884.27780727,"24"
"3431",10,322845.648046195,7371170.0018058,"24"
"3432",2,322198.052030411,7369197.1467703,"24"
"3433",106,321982.999137182,7368587.52506432,"24"
"3434",43,322277.801117736,7369122.06936924,"24"
"3435",114,330778.344942233,7373089.92575926,"24"
"3436",155,330032.890268789,7372437.70538107,"24"
"3437",43,337506.075840381,7374280.32664604,"24"
"3438",107,338192.055797896,7373582.31453221,"24"
"3439",194,323625.285912805,7384267.14235767,"24"
"3440",106,321791.789592262,7390691.2509287,"24"
"3441",143,330227.584509308,7377654.98036884,"24"
"3442",41,330585.08417204,7376660.86857336,"24"
"3443",55,331334.815950492,7376381.44569257,"24"
"3444",322,325968.241923285,7369173.55683661,"24"
"3445",10,330085.438678296,7365777.34235885,"24"
"3446",7,333373.872487441,7365036.08507202,"24"
"3447",22,332769.97283904,7365740.16756366,"24"
"3448",4,332711.082889197,7366073.97182631,"24"
"3449",67,333059.770396914,7367235.40926532,"24"
"3450",142,333628.033630791,7368053.06175627,"24"
"3451",144,350312.020092132,7366238.33695941,"24"
"3452",353,349894.259446088,7365665.12949169,"24"
"3453",244,380168.30316958,7264107.56119072,"24"
"3454",248,397838.679259068,7249624.30794972,"24"
"3455",100,397828.3681226,7262486.8493722,"24"
"3456",118,397942.930134724,7261648.45370456,"24"
"3457",279,392508.216533502,7285617.3668394,"24"
"3458",406,370197.622699575,7298998.11771026,"24"
"3459",300,363311.691484665,7301224.61406596,"24"
"3460",105,363364.76293782,7291072.2042748,"24"
"3461",337,391023.973797058,7281555.30782981,"24"
"3462",152,390292.141875827,7276109.34206019,"24"
"3463",8,344016.179636974,7385467.30348051,"24"
"3464",195,343961.787777514,7385925.5883459,"24"
"3465",19,343781.96061057,7386186.32054828,"24"
"3466",154,333948.6733769,7388585.46557115,"24"
"3467",458,341953.875326986,7395043.8611612,"24"
"3468",326,341467.082139771,7395242.55762838,"24"
"3469",15,345098.85260908,7398138.142972,"24"
"3470",913,348649.162100796,7372811.08918711,"24"
"3471",114,349143.995868131,7372183.50991127,"24"
"3472",17,350897.717371316,7375879.3626692,"24"
"3473",15,352615.026742215,7375601.76516971,"24"
"3474",115,352365.204457945,7375503.61576563,"24"
"3475",10,360680.616887555,7389609.6539349,"24"
"3476",467,359809.462310768,7377066.91320028,"24"
"3477",127,347427.902709872,7362183.73390928,"24"
"3478",107,352395.105407892,7362962.2666437,"24"
"3479",80,373127.258097571,7302478.5001578,"24"
"3480",752,376264.38485018,7312044.08852711,"24"
"3481",711,382248.815472858,7337830.87670873,"24"
"3482",689,382768.615173902,7338877.74524238,"24"
"3483",262,368104.034226567,7359505.32020871,"24"
"3484",329,378650.585922944,7353542.52816344,"24"
"3485",160,369813.679700854,7348827.94830337,"24"
"3486",659,345950.843855054,7357605.47957314,"24"
"3487",437,350025.15719483,7352066.34147368,"24"
"3488",240,356598.301866439,7359695.37612193,"24"
"3489",44,356234.667897019,7359189.33719233,"24"
"3490",440,364065.032063006,7355643.85511321,"24"
"3491",130,364957.323325175,7327748.39741044,"24"
"3492",339,363425.119602278,7315670.94872276,"24"
"3493",279,345282.00544308,7296744.04338546,"24"
"3494",31,335853.457949843,7345373.04544765,"24"
"3495",523,331504.036564295,7339856.88590338,"24"
"3496",369,330768.315327874,7342848.16474333,"24"
"3497",105,318818.990507264,7344589.37725275,"24"
"3498",36,311032.191219877,7340203.52671457,"24"
"3499",79,310892.591494449,7339323.24994092,"24"
"3500",5,322892.926518831,7518196.35051833,"25"
"3501",82,327722.85910939,7489646.5125588,"25"
"3502",30,306613.864834813,7482471.22288069,"25"
"3503",36,307974.49989716,7528173.89492715,"25"
"3504",95,313442.298859529,7519004.30908457,"25"
"3505",81,313056.530376322,7498234.2025978,"25"
"3506",171,328801.837053257,7488728.42407238,"25"
"3507",331,294965.241774471,7473313.45205691,"25"
"3508",95,329562.9409003,7477662.65846558,"25"
"3509",177,323623.590728885,7455223.58674415,"25"
"3510",282,333023.818300218,7455331.0062008,"25"
"3511",224,296987.36810083,7450500.89050698,"25"
"3512",151,302720.166729916,7452648.68477815,"25"
"3513",206,295376.73196027,7443090.74382862,"25"
"3514",319,344503.63614747,7439762.38231361,"25"
"3515",248,350526.571341242,7434519.57281195,"25"
"3516",191,310871.536757167,7433138.19220365,"25"
"3517",99,321160.659033517,7428890.60834699,"25"
"3518",241,334478.734639733,7439654.54238088,"25"
"3519",141,335727.336863573,7423056.37250835,"25"
"3520",336,323804.314116125,7403769.74046578,"25"
"3521",468,339803.876252842,7400951.63832199,"25"
"3522",37,341138.020383468,7395661.31283985,"25"
"3523",69,314718.649566333,7382191.99254828,"25"
"3524",73,316441.749307265,7363760.34079544,"25"
"3525",63,329748.469053894,7368996.07694921,"25"
"3526",428,324099.567450811,7362471.11735786,"25"
"3527",186,355319.838042381,7381267.86819174,"25"
"3528",314,330868.194883288,7345705.50058472,"25"
"3529",488,356310.79583483,7345285.47363328,"25"
"3530",191,361568.751530875,7349722.74232611,"25"
"3531",37,376503.934812763,7266801.10282759,"25"
"3532",31,374847.852968823,7263098.26099522,"25"
"3533",512,386286.726532656,7231356.80941272,"25"
"3534",250,355801.109817583,7333286.26302856,"25"
"3535",335,378599.864190025,7316887.54527996,"25"
"3536",277,346759.353298646,7307352.61466357,"25"
"3537",116,391364.641175539,7307301.71240595,"25"
"3538",429,349746.372996985,7285233.25370028,"25"
"3539",109,356508.125295357,7284839.1662619,"25"
"3540",217,360094.113667147,7284875.54474346,"25"
"3541",327,374037.000555512,7283391.31613558,"25"
"3542",508,368282.894365305,7267423.1719646,"25"
"3543",97,381556.029380336,7267542.89694912,"25"
"3544",313,385776.529318847,7267345.73744497,"25"
"3545",27,377339.197639424,7197587.30780922,"25"
"3546",36,346008.962953782,7186420.8884109,"25"
"3547",72,327809.931740265,7233281.69652,"25"
"3548",173,322000.670060843,7227435.57662984,"25"
"3549",44,320949.228847553,7211502.15854001,"25"
"3550",32,359347.735257308,7233875.05391427,"25"
"3551",499,385289.424775882,7223961.35177728,"25"
"3552",236,371735.087976046,7213229.81658118,"25"
"3553",105,369743.515066296,7202367.37864979,"25"
"3554",347,388216.538382223,7200450.79364817,"25"
"3555",257,391776.459799146,7200944.98495374,"25"
"3556",257,390536.856345264,7198620.24060726,"25"
"3557",55,397123.82170217,7187596.93084009,"25"
"3558",522,337720.537395086,7195551.02775981,"25"
"3559",215,345824.076600735,7202569.57359172,"25"
"3560",71,352148.005535222,7199871.06094054,"25"
"3561",119,336024.552934355,7180298.24860844,"25"
"3562",268,339386.197661625,7179186.91650258,"25"
"3563",46,350432.469537684,7183934.24461299,"25"
"3564",93,354774.397688456,7189753.13684331,"25"
"3565",557,337179.852001028,7191619.51489964,"26"
"3566",97,352629.076045134,7198219.44097998,"26"
"3567",85,351900.820706049,7199307.91940998,"26"
"3568",273,380672.993669564,7195611.28267567,"26"
"3569",178,381627.376116797,7194118.00166412,"26"
"3570",82,397731.597409732,7190511.23146691,"26"
"3571",60,399255.692452823,7195456.29878377,"26"
"3572",484,399015.125913416,7203006.32234692,"26"
"3573",91,363476.244474329,7212615.61003376,"26"
"3574",171,358381.816585103,7216881.17450344,"26"
"3575",248,338885.840525629,7211457.24866673,"26"
"3576",249,324327.877531516,7228970.79374141,"26"
"3577",94,342822.01431921,7232195.63935461,"26"
"3578",407,397239.093278219,7210591.31039248,"26"
"3579",754,399252.035789449,7228387.1157222,"26"
"3580",279,384292.209958777,7224625.66215588,"26"
"3581",143,339122.373799927,7180977.03797735,"26"
"3582",319,342871.479185105,7180551.65855605,"26"
"3583",87,332841.814478579,7186742.53067756,"26"
"3584",564,374173.615386075,7242979.75964129,"26"
"3585",311,376658.845074845,7252861.24189745,"26"
"3586",384,382044.588441471,7258905.88634631,"26"
"3587",486,365175.967226853,7252812.50382716,"26"
"3588",521,373549.150106893,7287639.62363716,"26"
"3589",401,363627.936457164,7291745.07109416,"26"
"3590",200,389731.045688382,7297683.85342341,"26"
"3591",172,391939.05238793,7304116.71539428,"26"
"3592",428,385840.16749097,7311641.71197506,"26"
"3593",160,350746.954110139,7302703.17831377,"26"
"3594",293,344217.591534424,7311554.61379457,"26"
"3595",31,354466.281713451,7321275.12425576,"26"
"3596",298,355363.73839,7339110.52361677,"26"
"3597",258,362300.638984294,7348122.87629058,"26"
"3598",650,344148.787199065,7349833.9717516,"26"
"3599",198,329779.134506804,7343979.85742837,"26"
"3600",181,326105.732696634,7342077.02972463,"26"
"3601",386,325471.01523751,7365388.94149178,"26"
"3602",73,341183.106974073,7374536.90010375,"26"
"3603",592,349872.269831062,7400907.21630332,"26"
"3604",214,325691.940282625,7394476.50272904,"26"
"3605",357,320421.254823531,7404604.10926071,"26"
"3606",492,318236.498079344,7405176.74470892,"26"
"3607",171,330655.707232305,7413342.73049731,"26"
"3608",144,308512.948425055,7397971.37340212,"26"
"3609",204,312837.782330115,7427496.68459854,"26"
"3610",253,312048.279253879,7425594.54302676,"26"
"3611",506,347183.454612534,7430381.23059809,"26"
"3612",433,347883.869400836,7440539.65608945,"26"
"3613",426,342629.11255605,7443063.45654198,"26"
"3614",343,330174.311666263,7437746.56871195,"26"
"3615",121,316823.010250944,7445560.89844368,"26"
"3616",187,319091.850353111,7453418.79197579,"26"
"3617",219,292793.537717553,7429584.23829706,"26"
"3618",96,301919.009664045,7430655.07005632,"26"
"3619",316,288300.568800641,7455027.26248233,"26"
"3620",483,295452.763288471,7470315.55092372,"26"
"3621",154,299090.245063551,7467170.40731938,"26"
"3622",552,338132.842193499,7470525.03027807,"26"
"3623",215,319440.723092827,7468160.73410536,"26"
"3624",134,288063.396707577,7488948.66630955,"26"
"3625",158,294697.805033764,7508405.37335302,"26"
"3626",42,308839.447851568,7509987.13422261,"26"
"3627",112,312544.278058227,7510567.04862203,"26"
"3628",79,318459.857263757,7518646.29505385,"26"
"3629",81,293022.403593395,7506062.14412138,"27"
"3630",47,293038.070213206,7504899.35355255,"27"
"3631",232,294145.90391776,7502843.00226557,"27"
"3632",109,299333.660376809,7499444.98419832,"27"
"3633",180,312904.787519819,7510691.68743425,"27"
"3634",397,305345.538009317,7515216.37772089,"27"
"3635",43,322724.460651301,7514041.5769537,"27"
"3636",140,317502.637340598,7520437.10513003,"27"
"3637",141,308063.144657895,7521020.54417679,"27"
"3638",157,308266.188690687,7521255.63803229,"27"
"3639",43,308266.188690687,7521255.63803229,"27"
"3640",87,292324.995977998,7494511.20619491,"27"
"3641",53,289580.60935787,7491471.91718855,"27"
"3642",41,288968.981973767,7489613.66965996,"27"
"3643",122,287255.929100351,7489368.33799696,"27"
"3644",58,296906.33413454,7456492.25973959,"27"
"3645",237,296906.33413454,7456492.25973959,"27"
"3646",165,309600.311489424,7466349.66408079,"27"
"3647",261,308503.985083503,7468650.62427681,"27"
"3648",576,313835.771303479,7469869.08306647,"27"
"3649",137,320085.972636663,7465559.03196433,"27"
"3650",506,328583.978216562,7450895.40537206,"27"
"3651",332,324132.701456385,7448529.17489726,"27"
"3652",137,324132.701456385,7448529.17489726,"27"
"3653",464,311530.517746101,7449073.68708325,"27"
"3654",112,310713.545799165,7445596.64465357,"27"
"3655",528,292633.690150167,7456212.39060085,"27"
"3656",423,296332.33658882,7451178.76371337,"27"
"3657",417,296306.471986518,7438030.24162467,"27"
"3658",180,342300.740409206,7446660.60510192,"27"
"3659",690,346626.446979903,7440470.93963579,"27"
"3660",5,290892.173953835,7505335.49171941,"27"
"3661",3,305026.234056892,7472527.02465906,"27"
"3662",5,306628.086788065,7464473.29292817,"27"
"3663",264,303754.97681727,7406971.57476544,"27"
"3664",364,305262.18764948,7405839.61998025,"27"
"3665",226,303626.699107036,7400512.03599511,"27"
"3666",753,312204.592392791,7396005.46915251,"27"
"3667",507,324319.077491399,7396621.00894566,"27"
"3668",661,332594.997552889,7435945.64224785,"27"
"3669",269,335953.261073806,7402758.62137871,"27"
"3670",308,325251.989622714,7407475.19461781,"27"
"3671",395,317351.630943945,7426529.42636942,"27"
"3672",204,347750.241679636,7434723.991703,"27"
"3673",525,349992.162856781,7424591.94194398,"27"
"3674",533,348084.911534254,7402191.45205319,"27"
"3675",515,346700.472131531,7392951.97466644,"27"
"3676",100,314196.699829292,7356110.7685822,"27"
"3677",332,319699.198902251,7340485.10585584,"27"
"3678",227,330506.998594914,7359081.03250168,"27"
"3679",486,337216.759917523,7365615.39134951,"27"
"3680",688,340429.880827349,7344198.12565896,"27"
"3681",267,350632.09543124,7362072.36211964,"27"
"3682",491,353944.633991482,7369947.08929552,"27"
"3683",142,349267.49693018,7370829.43200054,"27"
"3684",434,362386.016232223,7353650.9401099,"27"
"3685",338,357351.451872343,7348064.54834439,"27"
"3686",132,357140.086874563,7347829.87620282,"27"
"3687",57,376605.334308231,7351476.65558155,"27"
"3688",35,319875.0204103,7343489.11891477,"27"
"3689",596,370757.575889874,7318434.99379216,"27"
"3690",417,370757.575889874,7318434.99379216,"27"
"3691",639,370882.694630216,7328126.24963298,"27"
"3692",460,370460.184125192,7327657.2841716,"27"
"3693",423,379188.429413183,7297977.69225077,"27"
"3694",383,393071.134471952,7305697.98588142,"27"
"3695",383,344219.691025624,7288395.88323015,"27"
"3696",871,365331.011222194,7267162.2345164,"27"
"3697",233,367814.118408204,7272026.02687516,"27"
"3698",567,387959.477493131,7283975.12578918,"27"
"3699",550,378074.440980477,7256205.19284557,"27"
"3700",502,382753.131216665,7250475.7143711,"27"
"3701",480,375042.617299269,7241636.26500641,"27"
"3702",346,385651.065214579,7231351.50355291,"27"
"3703",514,383997.490047311,7227638.45696356,"27"
"3704",28,402541.532622952,7221559.64126565,"27"
"3705",136,361437.672529772,7234815.70030747,"27"
"3706",49,347347.303860897,7234665.738984,"27"
"3707",272,343615.038069185,7230004.49591442,"27"
"3708",184,346042.683112177,7220572.38753177,"27"
"3709",192,326903.767959653,7221959.68549578,"27"
"3710",542,379120.189801836,7208911.71527303,"27"
"3711",603,395498.097336296,7207896.25492085,"27"
"3712",379,395745.235868255,7203279.85888451,"27"
"3713",129,382615.204171446,7193946.10023068,"27"
"3714",180,381772.026367326,7193706.1265474,"27"
"3715",147,363389.026316831,7187528.50415942,"27"
"3716",125,362561.249091562,7186833.29894747,"27"
"3717",486,335056.789062184,7191131.78608579,"27"
"3718",70,337912.880863503,7179634.41933085,"27"
"3719",268,342732.934496524,7180146.13937844,"27"
"3720",23,374284.941563026,7232868.66296806,"27"
"3721",26,378721.335531268,7231059.15964356,"27"
"3722",22,323069.504988706,7209679.91171194,"27"
"3723",16,340516.56487028,7189812.96761307,"27"
"3724",200,285412.707092112,7487189.15764978,"28"
"3725",40,288435.079580397,7493479.61110298,"28"
"3726",350,292930.131473786,7504562.28901081,"28"
"3727",300,312418.690129953,7497240.35012802,"28"
"3728",250,310673.093191973,7507789.87955713,"28"
"3729",300,314637.945952605,7508125.94702362,"28"
"3730",300,312522.919738227,7511120.99356272,"28"
"3731",140,315694.460897194,7516368.80816812,"28"
"3732",30,313874.796406985,7514872.1842105,"28"
"3733",300,289927.048340455,7507082.73223668,"28"
"3734",55,298044.074208249,7514045.40704449,"28"
"3735",180,307743.404738676,7522635.93076798,"28"
"3736",130,310833.183567634,7525705.36516574,"28"
"3737",180,319811.49351677,7521751.75965522,"28"
"3738",220,320865.635709921,7518418.45522597,"28"
"3739",70,326957.623689519,7509982.48240294,"28"
"3740",120,NA,NA,"28"
"3741",15,351260.266658124,7436137.79181633,"28"
"3742",600,326539.87637826,7456916.180537,"28"
"3743",25,321847.146686954,7459333.99462805,"28"
"3744",700,316784.060464485,7475152.50538037,"28"
"3745",660,336151.41765439,7469226.11313182,"28"
"3746",180,320711.068344944,7446641.8114565,"28"
"3747",70,314616.016813228,7445735.22339041,"28"
"3748",150,314580.339302091,7448050.32692984,"28"
"3749",130,317429.584100688,7451817.37852461,"28"
"3750",350,306625.587531549,7467511.92321469,"28"
"3751",500,299731.872008386,7466377.4180507,"28"
"3752",230,329359.232704815,7438544.94250887,"28"
"3753",140,299271.554192579,7434809.8296959,"28"
"3754",100,312375.433056678,7432375.63803291,"28"
"3755",600,313693.112618724,7426858.85771153,"28"
"3756",420,348704.649852909,7427103.37274974,"28"
"3757",560,341677.811975809,7423293.92504713,"28"
"3758",350,335830.223481569,7423372.58969514,"28"
"3759",400,333116.105965934,7403900.06468715,"28"
"3760",200,334351.037475392,7397922.58238479,"28"
"3761",280,308600.314569088,7392338.50188944,"28"
"3762",130,310664.117923706,7410318.01466592,"28"
"3763",240,311658.012056161,7410231.06690398,"28"
"3764",400,307874.571549014,7388391.79201575,"28"
"3765",200,309507.26704638,7384920.23296104,"28"
"3766",80,317031.354726487,7385772.50503159,"28"
"3767",180,312547.276071953,7368731.81954582,"28"
"3768",160,350195.269488773,7354986.55285555,"28"
"3769",450,348399.94413485,7354597.10184183,"28"
"3770",40,345919.491560228,7356205.43596853,"28"
"3771",240,341889.697749824,7364082.03741139,"28"
"3772",330,333987.979503628,7369147.95961759,"28"
"3773",250,328815.563729046,7367555.36313013,"28"
"3774",300,348721.515125524,7373008.97801921,"28"
"3775",1000,342535.590400201,7393329.11200448,"28"
"3776",100,345519.209466897,7384625.01972453,"28"
"3777",300,359389.317542429,7377053.81013754,"28"
"3778",1000,357435.62629001,7385694.07370997,"28"
"3779",130,366526.427057297,7359371.5685909,"28"
"3780",120,353843.955324664,7346587.10639187,"28"
"3781",50,335486.066667337,7344063.54827081,"28"
"3782",55,314763.562216196,7347980.9770987,"28"
"3783",40,317231.520761778,7346398.18542743,"28"
"3784",580,319777.362424993,7342153.88201975,"28"
"3785",130,319068.829722253,7340536.95845808,"28"
"3786",200,353130.547415889,7320284.24852938,"28"
"3787",130,352540.098185933,7318235.09580851,"28"
"3788",400,355459.361076788,7299087.55210459,"28"
"3789",500,342458.749877086,7296189.11364235,"28"
"3790",35,311246.673525871,7344112.3888138,"28"
"3791",37,312403.393606635,7342789.64971364,"28"
"3792",65,317036.520111562,7342051.7144517,"28"
"3793",99,312059.178093128,7332325.60213286,"28"
"3794",639,308759.888578329,7320740.10781448,"28"
"3795",715,310630.65180049,7309445.30533133,"28"
"3796",345,320130.515135785,7327708.42245659,"28"
"3797",298,326447.16900552,7329369.55856102,"28"
"3798",605,319310.710253736,7310996.36480771,"28"
"3799",188,333493.232129325,7284783.70232251,"28"
"3800",570,330024.825889983,7296273.50547665,"28"
"3801",766,333177.254773975,7309494.97845873,"28"
"3802",700,369458.966049755,7303267.98674717,"28"
"3803",400,382891.718746973,7314085.79457234,"28"
"3804",200,378774.544313875,7299371.1645422,"28"
"3805",250,391926.853878159,7285408.01378862,"28"
"3806",230,386071.520384247,7258305.72872907,"28"
"3807",300,364830.051789636,7264513.46180295,"28"
"3808",350,358690.722114591,7268576.41858496,"28"
"3809",450,343906.045119707,7276396.26525237,"28"
"3810",150,336323.917753209,7286693.16400721,"28"
"3811",450,369032.237839457,7242229.97504824,"28"
"3812",180,382844.785375821,7253026.30645082,"28"
"3813",700,385516.565923892,7227997.75758695,"28"
"3814",450,388298.28998282,7223881.14744511,"28"
"3815",45,359155.585368326,7238735.68288947,"28"
"3816",300,387772.39731549,7220371.17824552,"28"
"3817",500,399272.87566436,7209833.82647967,"28"
"3818",450,391238.033512123,7198382.25926507,"28"
"3819",280,384642.197710044,7195923.27863942,"28"
"3820",55,380639.139300694,7194687.40564072,"28"
"3821",400,377708.610108165,7202658.77720272,"28"
"3822",100,352046.625709783,7218883.36036715,"28"
"3823",130,351302.754418898,7219797.75103956,"28"
"3824",120,373022.981736026,7192920.84322503,"28"
"3825",350,337453.674522539,7216440.81308443,"28"
"3826",120,365008.22329556,7190309.59033531,"28"
"3827",200,351619.229748244,7185323.59738178,"28"
"3828",130,347321.762566765,7187267.06891203,"28"
"3829",80,350511.494065529,7182875.76843555,"28"
"3830",200,346168.133431151,7180458.76752982,"28"
"3831",230,341707.880415632,7177639.51429432,"28"
"3832",300,335808.131314045,7183775.95933471,"28"
"3833",450,326413.114026134,7197008.24006374,"28"
"3834",120,340790.627032447,7236802.91094648,"28"
"3835",27,325827.453880866,7234852.91439454,"28"
"3836",400,320926.080028084,7223843.21803339,"28"
"3837",250,320365.660833696,7214138.32689114,"28"
"3838",120,318958.426390142,7508730.46560544,"28"
"3839",760,291236.401346007,7450305.44430492,"28"
"3840",100,339667.808440198,7371800.73950346,"28"
"3841",150,368413.138738743,7354737.62472034,"28"
"3842",550,365368.682574118,7346312.269288,"28"
"3843",400,382927.406500326,7334913.2589972,"28"
"3844",250,396521.257281906,7195080.6793429,"28"
"3845",400,293292.952909325,7490817.73514846,"28"
"3846",1231,319949.644676307,7290450.03873244,"28"
"3847",48,315552.688123057,7522484.91637765,"29"
"3848",48,317926.965234258,7521128.72365266,"29"
"3849",17,319632.826183483,7522311.5157877,"29"
"3850",81,301636.808090702,7520241.71066118,"29"
"3851",74,309583.585972462,7519643.89176631,"29"
"3852",32,305524.021974561,7518208.947839,"29"
"3853",31,309384.458387876,7518257.06386968,"29"
"3854",307,319078.210907426,7515150.96823322,"29"
"3855",611,300247.125280456,7511451.94523044,"29"
"3856",84,293048.356531076,7504899.49217028,"29"
"3857",518,302581.708614683,7497183.44151752,"29"
"3858",189,289578.220433679,7492391.24353101,"29"
"3859",31,293286.51402524,7471440.83349511,"29"
"3860",374,309141.763065985,7469345.38350548,"29"
"3861",254,302979.835728964,7466497.31522183,"29"
"3862",187,295505.60566566,7465245.96990305,"29"
"3863",385,302609.36324335,7461873.72729253,"29"
"3864",341,298076.072333372,7449585.15622706,"29"
"3865",646,325975.609484358,7437243.09864692,"29"
"3866",597,337354.59882705,7470129.276679,"29"
"3867",161,340837.026346541,7463942.79653746,"29"
"3868",555,332626.735626133,7453244.58020904,"29"
"3869",653,341443.166202873,7447338.14102537,"29"
"3870",262,292351.05121663,7430808.73289334,"29"
"3871",468,301556.222339373,7428397.90673726,"29"
"3872",545,324328.31985696,7431918.74087689,"29"
"3873",38,321145.967236072,7430961.54482381,"29"
"3874",370,321813.726888039,7428200.70447144,"29"
"3875",142,298768.712703273,7413594.79529576,"29"
"3876",319,305409.731596663,7410914.70828557,"29"
"3877",428,312820.130825256,7414244.94093133,"29"
"3878",286,328120.229458312,7417421.38175712,"29"
"3879",213,329491.691355081,7409363.43191624,"29"
"3880",220,343470.200843222,7436750.48128374,"29"
"3881",293,348020.360528225,7430330.37243228,"29"
"3882",431,348562.49762863,7418342.67377605,"29"
"3883",399,306860.422474366,7397774.69824927,"29"
"3884",256,326216.893555426,7398482.20341042,"29"
"3885",229,338664.763612529,7388468.72889178,"29"
"3886",404,334109.334366772,7378040.02973348,"29"
"3887",152,331803.508528686,7375477.20925363,"29"
"3888",349,341893.683942475,7385281.26550485,"29"
"3889",190,346226.008919275,7377940.7493961,"29"
"3890",32,327354.481338545,7356961.30773458,"29"
"3891",187,337099.031393309,7357994.11576591,"29"
"3892",546,324234.936639025,7351385.40618019,"29"
"3893",451,350969.616433709,7370835.97100562,"29"
"3894",99,363553.600629401,7364736.31965595,"29"
"3895",194,352751.471409387,7363013.34526783,"29"
"3896",63,362741.049881499,7361262.38573991,"29"
"3897",230,370406.283613227,7358332.24895443,"29"
"3898",271,368953.264508987,7354631.44529277,"29"
"3899",615,341421.677056924,7351120.23716831,"29"
"3900",143,359064.326237764,7346697.15352554,"29"
"3901",92,359965.225396186,7340936.10480422,"29"
"3902",494,358741.923334706,7336073.33382649,"29"
"3903",4,357714.414838951,7333072.91720069,"29"
"3904",474,369331.2303318,7336639.33825464,"29"
"3905",594,358459.531820608,7321540.2764843,"29"
"3906",4,350834.085890127,7302999.30521917,"29"
"3907",474,342187.295366372,7300601.18541202,"29"
"3908",24,339086.463977363,7295027.90111517,"29"
"3909",420,367158.097268818,7297392.82718507,"29"
"3910",229,387546.532161003,7310261.74241923,"29"
"3911",282,381071.170345102,7300751.26911058,"29"
"3912",541,386001.584316581,7291799.87579078,"29"
"3913",208,344842.720332257,7289787.3197762,"29"
"3914",60,378078.095269507,7279960.82121032,"29"
"3915",118,370556.698394864,7272051.85012591,"29"
"3916",737,359862.487852751,7266642.86358348,"29"
"3917",408,376920.340516962,7243956.89362876,"29"
"3918",299,378497.042826128,7256430.41983532,"29"
"3919",435,384217.110675734,7253024.2434866,"29"
"3920",386,389270.01261303,7253065.76094618,"29"
"3921",644,395133.042369918,7229112.95679743,"29"
"3922",24,401688.077028809,7223857.0244194,"29"
"3923",226,321411.409413735,7224658.30581951,"29"
"3924",12,320296.970897521,7213565.2118498,"29"
"3925",141,327859.138433699,7213430.64900161,"29"
"3926",37,339903.528057827,7224655.49746066,"29"
"3927",163,345245.249028222,7217096.2190965,"29"
"3928",80,344570.530308365,7220555.64525408,"29"
"3929",108,364208.307318127,7232296.01440121,"29"
"3930",79,364194.434698824,7212458.59310198,"29"
"3931",47,373721.272132053,7226162.74200618,"29"
"3932",81,375462.740416055,7219943.20119256,"29"
"3933",503,371252.032719804,7220601.76108764,"29"
"3934",178,326939.602645301,7202573.37914473,"29"
"3935",260,328233.673413856,7199820.34386752,"29"
"3936",5,334572.536888439,7179815.09309963,"29"
"3937",57,335905.978369364,7189990.07346412,"29"
"3938",14,343665.488671673,7189849.98446473,"29"
"3939",185,350877.810442538,7182776.09403042,"29"
"3940",70,362347.769686568,7187052.64374036,"29"
"3941",148,374466.268697069,7191557.63746431,"29"
"3942",591,385868.710139113,7206655.53880596,"29"
"3943",266,387164.280696322,7202280.55518035,"29"
"3944",223,390732.102380254,7201855.81770519,"29"
